timestamp,tds,ntu,voltage
1774080855970.0,201.9333932644742,1.1173560130327436,3.2441321993483627
1774080864097.0,197.75412845235894,1.3422669754877397,3.2328866512256127
1774080943315.0,194.63070746193844,1.0436001522523815,3.247819992387381
1774080946297.0,191.10832875939994,1.1130672531637298,3.2443466373418133
1774080949298.0,196.65492054914287,1.2509826457145226,3.2374508677142737
1774080952297.0,199.0702163355882,1.4448801751832792,3.227755991240836
1774080955296.0,196.93887169392607,1.6656424424488452,3.2167178778775574
1774080958296.0,200.1636839590679,1.7435683284710501,3.2128215835764475
1774080961296.0,202.1414993331868,1.827385725395326,3.2086307137302335
1774080964296.0,207.51029872451633,1.807586916604426,3.2096206541697785
1774080967295.0,197.6149381746698,1.9941538503280194,3.2002923074835987
1774080970294.0,287.18474566120926,2.9081884687429826,3.1545905765628506
1774080973296.0,324.1882415782536,3.7125403232466594,3.114372983837667
1774080976294.0,397.75380905723034,4.1088523521706275,3.0945573823914683
1774080979299.0,430.4073647224682,4.571840946305519,3.0714079526847238
1774080982300.0,473.4162831356176,5.1150476393166775,3.044247618034166
1774080985297.0,503.45703904524834,5.633084640089886,3.0183457679955055
1774080988698.0,489.42039127725843,5.7603463431846835,3.011982682840766
1774080991621.0,494.88499290775434,6.049833644942595,2.99750831775287
1774080994612.0,487.28885973896104,6.546704842687038,2.972664757865648
1774080997620.0,487.5797770211548,6.879854571359791,2.9560072714320103
1774081000615.0,623.3158856234922,9.426676964696764,2.8286661517651615
1774081003619.0,733.956796400469,10.08920684213624,2.7955396578931877
1774081006618.0,856.6287644920212,12.180393464924906,2.6909803267537544
1774081009616.0,928.1763883800332,12.643472035299615,2.667826398235019
1774081012615.0,951.7863642381316,13.583062401520802,2.6208468799239597
1774081015611.0,1005.320539124682,13.530711609216924,2.6234644195391534
1774081018625.0,1025.9333728140507,13.722695998865843,2.6138652000567077
1774081021293.0,1080.867354517755,14.763336154531078,2.561833192273446
1774081024294.0,1088.2086541135732,14.342460447824996,2.58287697760875
1774081027291.0,1147.6277652383678,15.234885278699657,2.538255736065017
1774081030294.0,966.601508248536,12.601480186808455,2.669925990659577
1774081033300.0,810.8812903351868,10.614530326479507,2.7692734836760247
1774081043755.0,697.7760225591596,8.932428999374455,2.853378550031277
1774081046756.0,603.5782211825405,7.58028079674388,2.9209859601628057
1774081049755.0,525.7188954976692,6.6359817602308295,2.9682009119884585
1774081052756.0,458.17319129525396,5.736154854084452,3.013192257295777
1774081056616.0,403.22412438719476,5.100849727433973,3.0449575136283014
1774081062607.0,321.3735275183582,4.07995737313929,3.0960021313430355
1774081065617.0,292.84648907903176,3.8600298067480203,3.1069985096625987
1774081068617.0,343.28997540507794,4.614221898638099,3.069288905068095
1774081071617.0,389.3085965304445,4.623614204430523,3.0688192897784736
1774081077626.0,411.5931260639125,5.494474815405551,3.0252762592297224
1774081080611.0,453.73272829336537,6.0682356614709025,2.9965882169264546
1774081083606.0,448.8689735537701,6.502164954891507,2.9748917522554246
1774081086624.0,458.92254383952866,6.4832212644753255,2.9758389367762335
1774081089613.0,495.20904574956654,6.0581869554475904,2.9970906522276204
1774081092615.0,532.963607467777,6.198689941515518,2.990065502924224
1774081095613.0,536.3010760205962,6.05650163602319,2.9971749181988403
1774081098617.0,674.1572163996273,8.317144525764018,2.884142773711799
1774081101615.0,768.1645749200306,10.536802767976933,2.7731598616011532
1774081104621.0,882.4793101935542,11.093943553880294,2.745302822305985
1774081107615.0,926.8098836013817,11.900552364431407,2.7049723817784295
1774081110621.0,985.2540831100534,12.093355627273343,2.6953322186363327
1774081113613.0,1017.4888006893714,13.165142585717213,2.6417428707141393
1774081116620.0,1038.937871943359,13.813601426544546,2.6093199286727726
1774081119621.0,1076.7059171804658,15.214166125051786,2.5392916937474106
1774081122624.0,1125.1868365597932,15.141746592410437,2.542912670379478
1774081125617.0,1158.3121134062442,15.514565749396223,2.524271712530189
1774081128610.0,971.4787065327725,12.614449570545903,2.6692775214727047
1774081131608.0,824.4182737427839,10.449048547540482,2.777547572622976
1774081185616.0,693.1056132123663,8.605721820276148,2.8697139089861925
1774081199145.0,593.7158587789315,7.435807101415925,2.9282096449292037
1774081202754.0,446.29653657311684,5.462299505261826,3.0268850247369086
1774081205753.0,398.08077205319523,4.744062197023343,3.0627968901488325
1774081208752.0,354.29932217261495,4.097419456459997,3.095129027177
1774081231835.0,200.325289753433,1.190538045696992,3.2404730977151504
1774081234833.0,201.57581465184043,1.5034235971338792,3.2248288201433057
1774081237832.0,207.2382692682043,1.542710870327782,3.222864456483611
1774081240836.0,201.91527900634654,1.4537835832305135,3.227310820838474
1774081243837.0,192.40132517060763,1.6381023643459967,3.2180948817827
1774081246836.0,195.79797921185488,1.582686661295792,3.22086566693521
1774081249832.0,191.3293558812245,1.7096962652955403,3.214515186735223
1774081252836.0,201.65609076236285,1.7668289415930432,3.2116585529203476
1774081255836.0,191.5661844882593,1.6755001153343962,3.21622499423328
1774081258835.0,237.003282565159,2.7439671177919758,3.162801644110401
1774081261833.0,281.3784112211687,3.516471944291054,3.124176402785447
1774081264835.0,336.5165022185801,4.170309254698739,3.091484537265063
1774081267832.0,402.5885301427369,4.950993244872321,3.0524503377563836
1774081270833.0,444.3452784063831,5.012057169668746,3.0493971415165624
1774081273833.0,450.05761791514874,5.285287643683745,3.0357356178158126
1774081276833.0,466.3929601483097,5.5010008786802125,3.0249499560659894
1774081279833.0,463.0705343631879,6.1173866595028406,2.9941306670248578
1774081282834.0,490.13325092119186,5.904604650140338,3.004769767492983
1774081285832.0,495.3190966344797,6.002353242646134,2.9998823378676933
1774081288832.0,603.2626759460309,7.502292002690924,2.9248853998654534
1774081291833.0,734.4890373377705,9.952819840933142,2.802359007953343
1774081294834.0,788.6536575958634,11.11489893963105,2.7442550530184473
1774081297836.0,910.8650724255266,11.3266940763598,2.73366529618201
1774081300837.0,965.1631726913445,12.977506292271702,2.6511246853864145
1774081303836.0,1018.4483374252618,14.560820323274204,2.5719589838362897
1774081306836.0,1087.3289762589434,14.403200577048336,2.579839971147583
1774081309835.0,1109.6588782989338,14.430596619794972,2.5784701690102514
1774081312833.0,1153.3230149659207,14.812587146232078,2.5593706426883958
1774081315834.0,1147.433761398607,14.602963860180093,2.5698518069909952
1774081318833.0,959.8354981910552,12.109211875183957,2.6945394062408017
1774081321833.0,801.0781210444352,10.147277851902896,2.792636107404855
1774081324833.0,676.4127093944885,8.48258245359385,2.8758708773203074
1774081327831.0,589.8884577971337,6.989648316326738,2.950517584183663
1774081330831.0,517.9719107220635,6.083325988148381,2.9958337005925806
1774081333832.0,452.51530178892386,5.228000220793087,3.0385999889603457
1774081336830.0,394.00741625488024,4.6628067471956545,3.066859662640217
1774081339836.0,359.03486392364107,3.9730505036068946,3.1013474748196552
1774081342838.0,333.55932504043915,3.617025869594995,3.11914870652025
1774081345834.0,305.87980801629243,3.352352743802275,3.132382362809886
1774081348834.0,339.51476266098484,4.4494338613738,3.0775283069313097
1774081351834.0,389.3369594589383,5.092566222811383,3.0453716888594307
1774081354835.0,450.14786170412924,5.835255148796215,3.008237242560189
1774081357834.0,470.8498853543201,6.404841002472927,2.9797579498763533
1774081360835.0,500.12496255754075,6.512915071234587,2.9743542464382706
1774081363835.0,507.2866123065652,6.343087797726878,2.982845610113656
1774081366834.0,531.0665786684422,6.408409881531408,2.9795795059234296
1774081369833.0,545.8247997838366,6.164792197020416,2.991760390148979
1774081372833.0,545.3080998057889,6.183980856605656,2.990800957169717
1774081375833.0,538.2887350730897,6.650793960653397,2.96746030196733
1774081378833.0,703.8687445894413,8.500015343566778,2.874999232821661
1774081381831.0,837.2633304261868,10.165213222772541,2.7917393388613725
1774081384831.0,905.1394640191506,12.197199359258686,2.6901400320370654
1774081387831.0,967.2918386662733,13.015908536797491,2.6492045731601253
1774081390831.0,1003.1145960726369,13.991807458173616,2.600409627091319
1774081393836.0,1065.5005890812486,15.279052780472705,2.5360473609763643
1774081396837.0,1117.794279036959,16.087524202569195,2.49562378987154
1774081399835.0,1159.7076890036872,16.870232121624696,2.456488393918765
1774081402831.0,1186.3144848580357,17.1720923227006,2.44139538386497
1774081405835.0,1158.7555933451697,16.354555997511895,2.482272200124405
1774081408834.0,968.6511852044001,13.550059997844492,2.622497000107775
1774081411833.0,815.6248845627317,11.260211978337463,2.7369894010831266
1774081414833.0,683.0742126749303,9.294753686330477,2.835262315683476
1774081417833.0,586.1714563365882,7.741050643390918,2.912947467830454
1774081420832.0,502.1597890033767,6.630764615845328,2.9684617692077335
1774081423832.0,433.3701760388396,5.835438822870406,3.0082280588564796
1774081426831.0,393.5264612618307,5.136376094480317,3.043181195275984
1774081429831.0,351.1310776672419,4.578332577765247,3.0710833711117376
1774081432838.0,322.81816708606794,4.174647163083316,3.091267641845834
1774081435830.0,295.6228391714241,3.8296424066416597,3.1085178796679167
1774081438834.0,349.22123430039744,4.833471319281342,3.0583264340359326
1774081441834.0,393.7562540699465,4.947811010060122,3.0526094494969938
1774081444836.0,405.815524852399,5.417496831650409,3.029125158417479
1774081447837.0,433.8648145328384,5.2587785913907,3.0370610704304646
1774081450835.0,439.2880522481663,5.29023581217204,3.035488209391398
1774081453835.0,451.861725826475,5.7501363148179,3.012493184259105
1774081456833.0,451.91267835328637,5.585336474474308,3.0207331762762846
1774594572974.0,0.0,2.0,3.29919
1774594601128.0,0.0,2.0,3.29919
1774594602514.0,0.0,2.0,3.29919
1774594603324.0,0.0,2.0,3.29919
1774594604104.0,0.0,2.0,3.29919
1774594604882.0,0.0,2.0,3.29919
1774594605638.0,0.0,2.0,3.29919
1774594606451.0,0.0,2.0,3.29919
1774594607164.0,0.0,2.0,3.29919
1774594607995.0,0.0,2.0,3.29919
1774594608765.0,0.0,2.0,3.29919
1774594609548.0,0.0,2.0,3.29919
1774594681269.0,38.39351,2.0,3.29919
1774594689754.0,37.96084,2.0,3.29919
1774594698074.0,44.43076,2.0,3.29919
1774594704963.0,51.71197,2.0,3.29919
1774594711593.0,58.93991,2.0,3.29919
1774594717927.0,67.37697,2.0,3.29919
1774594722108.0,67.37697,2.0,3.29919
1774594722857.0,67.37697,2.0,3.29919
1774594723574.0,67.37697,2.0,3.29919
1774594724351.0,67.37697,2.0,3.29919
1774594724405.0,0.0,2.0,3.29919
1774594725096.0,0.0,2.0,3.29919
1774594725793.0,0.0,2.0,3.29919
1774594726461.0,0.0,2.0,3.29919
1774594727381.0,0.0,2.0,3.29919
1774594728108.0,0.0,2.0,3.29919
1774594728792.0,0.0,2.0,3.29919
1774594729606.0,0.0,2.0,3.29919
1774594730291.0,0.0,2.0,3.29919
1774594731029.0,0.0,2.0,3.29919
1774594748219.0,0.0,2.0,3.29919
1774594755351.0,191.71073445316193,2.099199940824175,3.195040002958791
1774594765347.0,193.13255804227478,1.9755337652729938,3.20122331173635
1774594775345.0,186.82755222224225,2.2253871313890823,3.188730643430546
1774594780346.0,185.93051808687898,2.3493111973240115,3.182534440133799
1774594791090.0,197.88542130474207,2.092059328802498,3.1953970335598747
1774594800349.0,269.42998401153227,3.349300540432056,3.132534972978397
1774594805349.0,302.3933253397581,3.8129544329694234,3.109352278351529
1774594810350.0,355.1204925750468,4.007998765852788,3.0996000617073602
1774594815354.0,371.10809242464416,4.1842312622605045,3.0907884368869745
1774594825345.0,409.20572284749323,4.887998773816462,3.0556000613091765
1774594830347.0,448.3221730710451,5.709074819458685,3.0145462590270657
1774594840352.0,509.37311878691867,6.029056757594949,2.998547162120252
1774594848772.0,0.0,80.0,3.29919
1774594850352.0,541.3193792470679,80.0,3.29919
1774594859935.0,0.0,80.0,3.29919
1774594873727.0,55.97006,80.0,3.29919
1774594873719.0,55.97006,80.0,3.29919
1774594880717.0,76.1609,80.0,3.29919
1774594880726.0,76.1609,80.0,3.29919
1774594892308.0,71.15077,80.0,3.29919
1774594892313.0,71.15077,80.0,3.29919
1774594916026.0,106.51488048404417,64.50654970957413,0.0746725145212932
1774594923775.0,66.95679,80.0,3.29919
1774594926026.0,142.81064146661382,42.1341309463252,1.1932934526837395
1774594928787.0,65.27432,80.0,3.29919
1774594931032.0,153.60014878476795,33.93237794204782,1.6033811028976086
1774594935570.0,62.74535,80.0,3.29919
1774594941029.0,173.65276364929227,22.504539668025206,2.1747730165987393
1774594942178.0,60.633,80.0,3.29919
1774594946031.0,180.4166506657389,18.45122292391256,2.377438853804372
1774594948533.0,0.0,80.0,3.29919
1774594955412.0,62.74535,80.0,3.29919
1774594956772.0,193.3767843903441,64.5862278900731,0.07068860549634426
1774594958985.0,62.74535,80.0,3.29919
1774594966647.0,34.49251,80.0,3.29919
1774594966670.0,34.49251,80.0,3.29919
1774594973335.0,0.0,80.0,3.29919
1774594973339.0,0.0,80.0,3.29919
1774594980065.0,3.14738,80.0,3.29919
1774594980095.0,3.14738,80.0,3.29919
1774594986419.0,0.0,80.0,3.29919
1774594986427.0,0.0,80.0,3.29919
1774595032233.0,74.49358,80.0,3.29919
1774595032249.0,74.49358,80.0,3.29919
1774595038362.0,89.40388,80.0,3.29919
1774595038374.0,89.40388,80.0,3.29919
1774595045169.0,103.29546,80.0,3.29919
1774595045176.0,103.29546,80.0,3.29919
1774595052308.0,103.29546,80.0,3.29919
1774595052321.0,103.29546,80.0,3.29919
1774595087312.0,94.32733,80.0,3.29919
1774595087322.0,94.32733,80.0,3.29919
1774595109464.0,82.38949,80.0,3.29919
1774595109480.0,82.38949,80.0,3.29919
1774595114824.0,82.8034,80.0,3.29919
1774595114831.0,82.8034,80.0,3.29919
1774595120688.0,82.38949,80.0,3.29919
1774595120693.0,82.38949,80.0,3.29919
1774595126697.0,82.8034,80.0,3.29919
1774595126701.0,82.8034,80.0,3.29919
1774595132700.0,80.73219,80.0,3.29919
1774595132711.0,80.73219,80.0,3.29919
1774595138740.0,82.8034,80.0,3.29919
1774595138743.0,82.8034,80.0,3.29919
1774595144715.0,81.97541,80.0,3.29919
1774595144723.0,81.97541,80.0,3.29919
1774595150691.0,82.8034,80.0,3.29919
1774595150698.0,82.8034,80.0,3.29919
1774595156762.0,81.97541,80.0,3.29919
1774595156767.0,81.97541,80.0,3.29919
1774595162702.0,82.8034,80.0,3.29919
1774595162713.0,82.8034,80.0,3.29919
1774595168753.0,82.38949,80.0,3.29919
1774595168762.0,82.38949,80.0,3.29919
1774595174723.0,82.8034,80.0,3.29919
1774595174734.0,82.8034,80.0,3.29919
1774595180771.0,82.38949,80.0,3.29919
1774595180778.0,82.38949,80.0,3.29919
1774595198778.0,85.69622,80.0,3.29919
1774595198794.0,85.69622,80.0,3.29919
1774595204772.0,85.28345,80.0,3.29919
1774595204777.0,85.28345,80.0,3.29919
1774595210739.0,89.40388,80.0,3.29919
1774595210751.0,89.40388,80.0,3.29919
1774595216771.0,88.16944,80.0,3.29919
1774595216775.0,88.16944,80.0,3.29919
1774595222756.0,88.58108,80.0,3.29919
1774595222770.0,88.58108,80.0,3.29919
1774595234778.0,88.16944,80.0,3.29919
1774595234790.0,88.16944,80.0,3.29919
1774595253590.0,88.16944,80.0,3.29919
1774595253598.0,88.16944,80.0,3.29919
1774595260371.0,86.10883,80.0,3.29919
1774595260389.0,86.10883,80.0,3.29919
1774595266381.0,76.1609,80.0,3.29919
1774595266420.0,76.1609,80.0,3.29919
1774595272367.0,76.99355,80.0,3.29919
1774595272382.0,76.99355,80.0,3.29919
1774595276185.0,76.99355,80.0,3.29919
1774595278396.0,76.1609,80.0,3.29919
1774595284395.0,74.91067,80.0,3.29919
1774595284374.0,74.91067,80.0,3.29919
1774595291146.0,74.07632,80.0,3.29919
1774595291154.0,74.07632,80.0,3.29919
1774595296400.0,97.1889,80.0,3.29919
1774595296462.0,97.1889,80.0,3.29919
1774595302417.0,256.55194,80.0,3.29919
1774595302473.0,256.55194,80.0,3.29919
1774595308396.0,83.63074,80.0,3.29919
1774595308411.0,83.63074,80.0,3.29919
1774595337819.0,83.63074,80.0,3.29919
1774595337839.0,83.63074,80.0,3.29919
1774595344640.0,115.40791,80.0,3.29919
1774595344688.0,115.40791,80.0,3.29919
1774595350643.0,115.00626,80.0,3.29919
1774595350663.0,115.00626,80.0,3.29919
1774595356732.0,115.40791,80.0,3.29919
1774595356740.0,115.40791,80.0,3.29919
1774595362668.0,116.21077,80.0,3.29919
1774595362675.0,116.21077,80.0,3.29919
1774595368671.0,112.5934,80.0,3.29919
1774595368674.0,112.5934,80.0,3.29919
1774595374706.0,106.13354,80.0,3.29919
1774595374720.0,106.13354,80.0,3.29919
1774595380676.0,109.36816,80.0,3.29919
1774595380682.0,109.36816,80.0,3.29919
1774595386546.0,110.17534,80.0,3.29919
1774595386552.0,110.17534,80.0,3.29919
1774595418038.0,110.17534,80.0,3.29919
1774595418054.0,110.17534,80.0,3.29919
1774595424848.0,110.17534,80.0,3.29919
1774595424860.0,110.17534,80.0,3.29919
1774595430973.0,110.98194,80.0,3.29919
1774595430962.0,110.98194,80.0,3.29919
1774595436990.0,111.38502,80.0,3.29919
1774595436996.0,111.38502,80.0,3.29919
1774595448946.0,111.78796,80.0,3.29919
1774595448953.0,111.78796,80.0,3.29919
1774595454972.0,114.20255,80.0,3.29919
1774595454981.0,114.20255,80.0,3.29919
1774595460992.0,111.38502,80.0,3.29919
1774595461009.0,111.38502,80.0,3.29919
1774595467036.0,114.20255,80.0,3.29919
1774595467038.0,114.20255,80.0,3.29919
1774595490389.0,115.40791,80.0,3.29919
1774595490409.0,115.40791,80.0,3.29919
1774595495454.0,114.60448,80.0,3.29919
1774595495450.0,114.60448,80.0,3.29919
1774595501492.0,115.40791,80.0,3.29919
1774595501492.0,115.40791,80.0,3.29919
1774595507713.0,116.21077,80.0,3.29919
1774595507709.0,116.21077,80.0,3.29919
1774595527099.0,116.21077,80.0,3.29919
1774595527120.0,116.21077,80.0,3.29919
1774595539698.0,114.20255,80.0,3.29919
1774595539713.0,114.20255,80.0,3.29919
1774595545767.0,115.40791,80.0,3.29919
1774595545777.0,115.40791,80.0,3.29919
1774595581733.0,114.20255,80.0,3.29919
1774595581749.0,114.20255,80.0,3.29919
1774595587785.0,112.5934,80.0,3.29919
1774595587784.0,112.5934,80.0,3.29919
1774595593739.0,110.98194,80.0,3.29919
1774595593736.0,110.98194,80.0,3.29919
1774595599758.0,111.38502,80.0,3.29919
1774595599786.0,111.38502,80.0,3.29919
1774595605812.0,106.53839,80.0,3.29919
1774595605814.0,106.53839,80.0,3.29919
1774595611751.0,110.57871,80.0,3.29919
1774595611758.0,110.57871,80.0,3.29919
1774595617750.0,108.96435,80.0,3.29919
1774595617771.0,108.96435,80.0,3.29919
1774595623825.0,132.51948783599536,64.21715868454172,0.08914206577291406
1774595628826.0,155.99824361045904,51.80014727349113,0.7099926363254432
1774595629911.0,109.36816,80.0,3.29919
1774595633826.0,157.3897907407522,41.870092135409905,1.2064953932295044
1774595635845.0,109.77183,80.0,3.29919
1774595641787.0,108.96435,80.0,3.29919
1774595643823.0,176.45663641234918,27.641960096035543,1.9179019951982226
1774595647802.0,83.21716,80.0,3.29919
1774595648824.0,181.9430087155261,22.529562014358078,2.173521899282096
1774595653779.0,85.69622,80.0,3.29919
1774595653828.0,185.39346606652083,18.305823280664004,2.3847088359667996
1774595663825.0,190.6147803757824,12.572598780065306,2.6713700609967344
1774595665783.0,86.10883,80.0,3.29919
1774595668827.0,288.2761940710308,11.412318981056755,2.729384050947162
1774595672477.0,86.93355,80.0,3.29919
1774595677807.0,87.75764,80.0,3.29919
1774595678824.0,389.5369143041876,9.349757694111618,2.832512115294419
1774595683824.0,422.4096147248697,8.303056288835167,2.8848471855582414
1774595683899.0,88.58108,80.0,3.29919
1774595688824.0,424.00182512853513,8.32808338972599,2.8835958305137
1774595695836.0,88.16944,80.0,3.29919
1774595698822.0,501.4308705502546,7.117670193531939,2.944116490323403
1774595701843.0,82.8034,80.0,3.29919
1774595703822.0,528.2189036813778,7.355995012391131,2.9322002493804433
1774595707797.0,84.45741,80.0,3.29919
1774595708826.0,518.9878677542525,6.807701825841935,2.959614908707903
1774595713826.0,512.5850171610833,6.696755137248548,2.9651622431375726
1774595713836.0,86.93355,80.0,3.29919
1774595719875.0,89.40388,80.0,3.29919
1774595723824.0,770.0352129458139,11.05486388778502,2.747256805610749
1774595728825.0,843.9063215867735,12.975863948954448,2.6512068025522773
1774595738825.0,1003.888252754041,13.796309858132116,2.6101845070933942
1774595746573.0,88.99255,80.0,3.29919
1774595748821.0,1023.268748181941,16.064988057407316,2.496750597129634
1774595752018.0,88.16944,80.0,3.29919
1774595753829.0,1025.9546331913405,17.111764138776678,2.4444117930611657
1774595757973.0,78.24126,80.0,3.29919
1774595763999.0,80.31744,80.0,3.29919
1774595763827.0,1094.3465033652103,15.876970819603434,2.506151459019828
1774595770171.0,79.07224,80.0,3.29919
1774595773824.0,779.7288284062653,10.784220745568145,2.7607889627215925
1774595776037.0,79.90254,80.0,3.29919
1774595782015.0,80.73219,80.0,3.29919
1774595783822.0,573.5277975041329,7.74111216094146,2.9129443919529265
1774595788035.0,261.3273,80.0,3.29919
1774595788824.0,499.69505757747635,6.422144914826583,2.9788927542586707
1774595793824.0,444.51354476355044,5.678772031437942,3.0160613984281026
1774595794196.0,270.12698,80.0,3.29919
1774595800112.0,92.27866,80.0,3.29919
1774595803825.0,352.17330204340226,4.375783264815288,3.0812108367592352
1774595806039.0,80.31744,80.0,3.29919
1774595808829.0,328.9960001646349,4.018864074294814,3.099056796285259
1774595818826.0,370.0134910266903,3.923579599657483,3.1038210200171257
1774595824040.0,79.48747,80.0,3.29919
1774595828825.0,415.41615180112615,5.117944178685104,3.0441027910657446
1774595830107.0,79.07224,80.0,3.29919
1774595836048.0,80.31744,80.0,3.29919
1774595838823.0,443.8739425394905,5.7832315238400085,3.0108384238079995
1774595842311.0,79.07224,80.0,3.29919
1774595848085.0,78.65683,80.0,3.29919
1774595848825.0,466.96644489360114,6.377488165782609,2.981125591710869
1774595853829.0,495.60763746016113,6.831570594138049,2.9584214702930973
1774595854131.0,79.07224,80.0,3.29919
1774595860092.0,78.65683,80.0,3.29919
1774595863824.0,518.9946659793794,5.98451370388051,3.0007743148059745
1774595866419.0,79.90254,80.0,3.29919
1774595872036.0,79.07224,80.0,3.29919
1774595873825.0,766.5623822207405,10.220780387045851,2.7889609806477074
1774595878114.0,78.24126,80.0,3.29919
1774595883824.0,963.6944152837232,11.034153634760662,2.7482923182619667
1774595884033.0,77.40962,80.0,3.29919
1774595890106.0,77.82552,80.0,3.29919
1774595893821.0,1070.110554187456,14.688578856532711,2.565571057173364
1774595898827.0,1067.2462707416219,15.649362635533471,2.517531868223326
1774595902120.0,78.24126,80.0,3.29919
1774595903828.0,1113.9219990520096,16.763770846774545,2.4618114576612724
1774595913826.0,1178.4651304336257,16.908329397430677,2.454583530128466
1774595918826.0,983.8442280278656,13.775030542841456,2.611248472857927
1774595920124.0,77.82552,80.0,3.29919
1774595927413.0,78.65683,80.0,3.29919
1774595928822.0,696.2417826062465,9.659280998453353,2.817035950077332
1774595933822.0,599.7178223730618,8.242130897286016,2.887893455135699
1774595938408.0,78.24126,80.0,3.29919
1774595943830.0,460.90611831448996,5.839657907230564,3.008017104638472
1774595944353.0,77.40962,80.0,3.29919
1774595950367.0,76.57731,80.0,3.29919
1774595953825.0,364.18946312962373,4.513522798435728,3.0743238600782132
1774595958828.0,333.38407754929733,4.084092070598677,3.095795396470066
1774595968825.0,378.51402335138965,4.0326198956799395,3.0983690052160027
1774595975714.0,76.1609,80.0,3.29919
1774595979327.0,413.38931363004554,5.120832687719198,3.04395836561404
1774595981056.0,76.57731,80.0,3.29919
1774595987376.0,76.1609,2.0,3.29919
1774595989227.0,478.0613935582599,5.6776126788140395,3.0161193660592978
1774595993397.0,74.07632,2.0,3.29919
1774595994284.0,511.0110420227641,6.123190376785094,2.993840481160745
1774595999500.0,76.1609,2.0,3.29919
1774596004228.0,531.6686064218856,6.125945536676728,2.9937027231661633
1774596005828.0,67.37697,2.0,3.29919
1774596009231.0,560.7837810594332,6.292641778578612,2.9853679110710694
1774596012364.0,49.57603,2.0,3.29919
1774596018377.0,71.9875,2.0,3.29919
1774596018824.0,687.1739644422285,9.069865532334338,2.846506723383283
1774596023827.0,754.5662874774825,9.906281566019409,2.804685921699029
1774596024697.0,3.14738,2.0,3.29919
1774596031548.0,71.15077,2.0,3.29919
1774596033824.0,859.3764055667025,12.347198034790349,2.6826400982604826
1774596038391.0,75.32758,2.0,3.29919
1774596038828.0,934.2845501017009,13.991283769258187,2.6004358115370905
1774596043829.0,1001.104630431732,14.871047588609176,2.556447620569541
1774596045447.0,76.99355,2.0,3.29919
1774596051905.0,75.32758,2.0,3.29919
1774596053826.0,1048.7352129432822,14.139333720705393,2.59303331396473
1774596058827.0,1090.193833744672,15.31615790157595,2.5341921049212024
1774596064999.0,74.91067,2.0,3.29919
1774596068824.0,945.8928592356121,12.103827862894738,2.694808606855263
1774596077530.0,73.6589,2.0,3.29919
1774596078824.0,685.0165717888113,8.484746196473598,2.87576269017632
1774596083841.0,73.2413,2.0,3.29919
1774596088829.0,496.1810999608521,6.065508720977201,2.9967245639511395
1774596090809.0,76.57731,2.0,3.29919
1774596097203.0,0.0,2.0,3.29919
1774596098827.0,398.673167149235,4.594370077159633,3.070281496142018
1774596103721.0,59.36345,2.0,3.29919
1774596108825.0,330.5569372794447,3.6424413564718683,3.1178779321764063
1774596109913.0,69.47526,2.0,3.29919
1774596113825.0,305.18519088485215,3.346777298998466,3.1326611350500766
1774596123827.0,420.0271603009942,5.045642021574105,3.0477178989212947
1774596129748.0,69.89439,2.0,3.29919
1774596133829.0,490.63646571123365,5.699257543700955,3.015037122814952
1774596136306.0,68.2168,2.0,3.29919
1774596142585.0,69.05595,2.0,3.29919
1774596143828.0,494.68232844056445,5.901347047250388,3.0049326476374802
1774596148579.0,68.2168,2.0,3.29919
1774596153827.0,512.0341096627654,5.976483745426375,3.001175812728681
1774596155171.0,62.32323,2.0,3.29919
1774596161113.0,33.62348,2.0,3.29919
1774596163825.0,542.7974303806308,5.666004750909301,3.0166997624545346
1774596167213.0,4.49303,2.0,3.29919
1774596173824.0,743.9757276592698,8.873865239673048,2.8563067380163476
1774596183823.0,933.3466145265097,12.41998280015995,2.6790008599920023
1774596188829.0,1004.7252741102589,12.903211935410953,2.654839403229452
1774596192939.0,0.0,2.0,3.29919
1774596198600.0,0.0,2.0,3.29919
1774596198826.0,1085.3628498078174,14.622756582618107,2.568862170869094
1774596208824.0,1077.974998654541,14.52756143422667,2.5736219282886665
1774596210480.0,0.0,2.0,3.29919
1774596213824.0,1083.5816472696479,14.778788793592156,2.561060560320392
1774596216718.0,0.0,2.0,3.29919
1774596218824.0,907.6310285608475,12.081000985790672,2.695949950710466
1774596222542.0,0.0,2.0,3.29919
1774596225578.0,757.9242487815677,2.0,3.29919
1774596228706.0,0.0,2.0,3.29919
1774596234454.0,0.0,2.0,3.29919
1774596234459.0,0.0,2.0,3.29919
1774596240534.0,0.0,2.0,3.29919
1774596240553.0,0.0,2.0,3.29919
1774596246396.0,249.92824,2.0,3.29919
1774596246403.0,249.92824,2.0,3.29919
1774596252395.0,262.42834,2.0,3.29919
1774596252403.0,262.42834,2.0,3.29919
1774596258269.0,0.0,2.0,3.29919
1774596258300.0,0.0,2.0,3.29919
1774596264534.0,0.0,2.0,3.29919
1774596264534.0,0.0,2.0,3.29919
1774596270513.0,0.0,2.0,3.29919
1774596270514.0,0.0,2.0,3.29919
1774596276826.0,0.0,2.0,3.29919
1774596276838.0,0.0,2.0,3.29919
1774596318494.0,0.0,2.0,3.29919
1774596318561.0,0.0,2.0,3.29919
1774596324556.0,0.0,2.0,3.29919
1774596324574.0,0.0,2.0,3.29919
1774596330540.0,0.0,2.0,3.29919
1774596330557.0,0.0,2.0,3.29919
1774596336817.0,0.0,2.0,3.29919
1774596336824.0,0.0,2.0,3.29919
1774596342518.0,0.0,2.0,3.29919
1774596342558.0,0.0,2.0,3.29919
1774596348501.0,0.0,2.0,3.29919
1774596348503.0,0.0,2.0,3.29919
1774596354656.0,0.0,2.0,3.29919
1774596354667.0,0.0,2.0,3.29919
1774596360602.0,0.0,2.0,3.29919
1774596360605.0,0.0,2.0,3.29919
1774596366700.0,0.0,2.0,3.29919
1774596366712.0,0.0,2.0,3.29919
1774596393629.0,0.0,2.0,3.29919
1774596393633.0,0.0,2.0,3.29919
1774596404600.0,0.0,2.0,3.29919
1774596404601.0,0.0,2.0,3.29919
1774596410683.0,0.0,2.0,3.29919
1774596410709.0,0.0,2.0,3.29919
1774596416485.0,0.0,2.0,3.29919
1774596416485.0,0.0,2.0,3.29919
1774596428545.0,0.0,2.0,3.29919
1774596428560.0,0.0,2.0,3.29919
1774596434614.0,0.0,2.0,3.29919
1774596434617.0,0.0,2.0,3.29919
1774596440752.0,0.0,2.0,3.29919
1774596440759.0,0.0,2.0,3.29919
1774596446884.0,0.0,2.0,3.29919
1774596446890.0,0.0,2.0,3.29919
1774596452513.0,0.0,2.0,3.29919
1774596452519.0,0.0,2.0,3.29919
1774596458679.0,0.0,2.0,3.29919
1774596458699.0,0.0,2.0,3.29919
1774596464675.0,0.0,2.0,3.29919
1774596464700.0,0.0,2.0,3.29919
1774596470603.0,0.0,2.0,3.29919
1774596470606.0,0.0,2.0,3.29919
1774596476710.0,0.0,2.0,3.29919
1774596476714.0,0.0,2.0,3.29919
1774596482721.0,0.0,2.0,3.29919
1774596482725.0,0.0,2.0,3.29919
1774596488574.0,0.0,2.0,3.29919
1774596488580.0,0.0,2.0,3.29919
1774596500659.0,0.0,2.0,3.29919
1774596500660.0,0.0,2.0,3.29919
1774596506658.0,0.0,2.0,3.29919
1774596506659.0,0.0,2.0,3.29919
1774596512585.0,0.0,2.0,3.29919
1774596512584.0,0.0,2.0,3.29919
1774596518696.0,0.0,2.0,3.29919
1774596518691.0,0.0,2.0,3.29919
1774596524620.0,0.0,2.0,3.29919
1774596524623.0,0.0,2.0,3.29919
1774596530605.0,0.0,2.0,3.29919
1774596530610.0,0.0,2.0,3.29919
1774596751240.0,0.0,2.0,3.29919
1774596751247.0,0.0,2.0,3.29919
1774596756457.0,0.0,2.0,3.29919
1774596756473.0,0.0,2.0,3.29919
1774596762399.0,0.0,2.0,3.29919
1774596762417.0,0.0,2.0,3.29919
1774596768344.0,0.0,2.0,3.29919
1774596768365.0,0.0,2.0,3.29919
1774596774505.0,0.0,2.0,3.29919
1774596774521.0,0.0,2.0,3.29919
1774596780656.0,0.0,2.0,3.29919
1774596780671.0,0.0,2.0,3.29919
1774596786653.0,0.0,2.0,3.29919
1774596786748.0,0.0,2.0,3.29919
1774596792475.0,0.0,2.0,3.29919
1774596792497.0,0.0,2.0,3.29919
1774596798505.0,0.0,2.0,3.29919
1774596798527.0,0.0,2.0,3.29919
1774596804557.0,0.0,2.0,3.29919
1774596804594.0,0.0,2.0,3.29919
1774596810509.0,0.0,2.0,3.29919
1774596810512.0,0.0,2.0,3.29919
1774596816469.0,0.0,2.0,3.29919
1774596816505.0,0.0,2.0,3.29919
1774596822395.0,0.0,2.0,3.29919
1774596822415.0,0.0,2.0,3.29919
1774596828562.0,0.0,2.0,3.29919
1774596828586.0,0.0,2.0,3.29919
1774596834793.0,0.0,2.0,3.29919
1774596835069.0,0.0,2.0,3.29919
1774596840851.0,0.0,2.0,3.29919
1774596840894.0,0.0,2.0,3.29919
1774596846813.0,0.0,2.0,3.29919
1774596847171.0,0.0,2.0,3.29919
1774596852581.0,0.0,2.0,3.29919
1774596852616.0,0.0,2.0,3.29919
1774596858448.0,0.0,2.0,3.29919
1774596858490.0,0.0,2.0,3.29919
1774596864361.0,0.0,2.0,3.29919
1774596864403.0,0.0,2.0,3.29919
1774596870611.0,0.0,2.0,3.29919
1774596870660.0,0.0,2.0,3.29919
1774596876574.0,0.0,2.0,3.29919
1774596876602.0,0.0,2.0,3.29919
1774596882387.0,0.0,2.0,3.29919
1774596882413.0,0.0,2.0,3.29919
1774596888538.0,0.0,2.0,3.29919
1774596888565.0,0.0,2.0,3.29919
1774596894551.0,0.0,2.0,3.29919
1774596894575.0,0.0,2.0,3.29919
1774596900735.0,0.0,2.0,3.29919
1774596900799.0,0.0,2.0,3.29919
1774596906589.0,0.0,2.0,3.29919
1774596906666.0,0.0,2.0,3.29919
1774596918436.0,0.0,2.0,3.29919
1774596918513.0,0.0,2.0,3.29919
1774596924561.0,0.0,2.0,3.29919
1774596924593.0,0.0,2.0,3.29919
1774596931416.0,0.0,2.0,3.29919
1774596931442.0,0.0,2.0,3.29919
1774596936502.0,0.0,2.0,3.29919
1774596936526.0,0.0,2.0,3.29919
1774596942660.0,0.0,2.0,3.29919
1774596942698.0,0.0,2.0,3.29919
1774596948581.0,0.0,2.0,3.29919
1774596948587.0,0.0,2.0,3.29919
1774596954598.0,0.0,2.0,3.29919
1774596954630.0,0.0,2.0,3.29919
1774596960443.0,0.0,2.0,3.29919
1774596960524.0,0.0,2.0,3.29919
1774596978534.0,0.0,2.0,3.29919
1774596978541.0,0.0,2.0,3.29919
1774596984591.0,0.0,2.0,3.29919
1774596984614.0,0.0,2.0,3.29919
1774596996577.0,0.0,2.0,3.29919
1774596996582.0,0.0,2.0,3.29919
1774597002450.0,0.0,2.0,3.29919
1774597002452.0,0.0,2.0,3.29919
1774597008564.0,0.0,2.0,3.29919
1774597008602.0,0.0,2.0,3.29919
1774597014509.0,0.0,2.0,3.29919
1774597014524.0,0.0,2.0,3.29919
1774597020639.0,0.0,2.0,3.29919
1774597020660.0,0.0,2.0,3.29919
1774597026585.0,0.0,2.0,3.29919
1774597026641.0,0.0,2.0,3.29919
1774597032745.0,0.0,2.0,3.29919
1774597032746.0,0.0,2.0,3.29919
1774597038764.0,0.0,2.0,3.29919
1774597038769.0,0.0,2.0,3.29919
1774597044594.0,0.0,2.0,3.29919
1774597044624.0,0.0,2.0,3.29919
1774597050570.0,0.0,2.0,3.29919
1774597050586.0,0.0,2.0,3.29919
1774597056590.0,0.0,2.0,3.29919
1774597056615.0,0.0,2.0,3.29919
1774597062717.0,0.0,2.0,3.29919
1774597062717.0,0.0,2.0,3.29919
1774597068549.0,0.0,2.0,3.29919
1774597068550.0,0.0,2.0,3.29919
1774597074508.0,0.0,2.0,3.29919
1774597074513.0,0.0,2.0,3.29919
1774597117095.0,254.3456,2.0,3.29919
1774597117103.0,254.3456,2.0,3.29919
1774597123320.0,256.18433,2.0,3.29919
1774597123322.0,256.18433,2.0,3.29919
1774597129105.0,251.03319,2.0,3.29919
1774597129107.0,251.03319,2.0,3.29919
1774597135098.0,252.13773,2.0,3.29919
1774597135109.0,252.13773,2.0,3.29919
1774597141189.0,251.4014,2.0,3.29919
1774597141189.0,251.4014,2.0,3.29919
1774597147118.0,249.92824,2.0,3.29919
1774597147121.0,249.92824,2.0,3.29919
1774597153109.0,250.2966,2.0,3.29919
1774597153125.0,250.2966,2.0,3.29919
1774597243151.0,265.36298,2.0,3.29919
1774597243165.0,265.36298,2.0,3.29919
1774597273385.0,251.76958,2.0,3.29919
1774597273398.0,251.76958,2.0,3.29919
1774597285396.0,249.19139,2.0,3.29919
1774597285398.0,249.19139,2.0,3.29919
1774602736555.0,243.59307593682897,2.126125404064552,3.193693729796772
1774602741555.0,225.45347643071503,2.231108312896921,3.1884445843551537
1774602751553.0,211.05714679325746,2.037881647643874,3.198105917617806
1774602761552.0,207.54552892022784,2.084270787345094,3.1957864606327453
1774602771550.0,196.68604374377804,1.9280656974864088,3.2035967151256792
1774602776556.0,271.67150157417825,3.289524035858052,3.1355237982070974
1774602786557.0,378.08146629808334,4.70170894811428,3.064914552594286
1774602791558.0,412.75622769668337,5.18383372907044,3.040808313546478
1774602801556.0,449.8917104171205,5.401308899606669,3.0299345550196666
1774602811552.0,446.97261614641656,5.378916142860799,3.03105419285696
1774602816554.0,467.3200941010244,6.0746099652387695,2.996269501738061
1774602826553.0,610.7427699001523,8.184862399774868,2.8907568800112564
1774602831557.0,738.4316031227211,10.43326542879817,2.7783367285600913
1774602841555.0,909.3928301713252,13.074684455945583,2.6462657772027205
1774602846555.0,943.4777056285667,12.86908253263947,2.6565458733680263
1774602856554.0,992.5723164605896,15.35080286851708,2.5324598565741456
1774602866550.0,1022.5433590605833,16.927569570743884,2.4536215214628054
1774602871552.0,1086.0409519433874,17.47991280448063,2.4260043597759684
1774602876552.0,898.8629620601214,14.507478579609131,2.5746260710195434
1774602881557.0,755.8179729546657,11.923943544618208,2.7038028227690893
1774602891556.0,556.3776195610969,8.388124174024073,2.880593791298796
1774602901554.0,435.87941323809247,6.194103893877932,2.990294805306103
1774602906554.0,393.7033332819776,5.465158797772495,3.026742060111375
1774602916560.0,333.4520595223238,4.517052706396961,3.074147364680152
1774602926559.0,349.4338633290542,4.468016294778989,3.0765991852610504
1774602936554.0,408.7650662165972,5.356708229616311,3.0321645885191844
1774602941555.0,428.83436162363296,5.828170043674952,3.0085914978162522
1774602951553.0,498.196723341351,6.237169537136808,2.9881415231431596
1774602956553.0,515.8896769467123,6.536258646785874,2.973187067660706
1774602966552.0,520.2961296005367,6.264179582983613,2.986791020850819
1774602971553.0,541.0126436887549,6.508328850441162,2.9745835574779416
1774602976554.0,694.3690846276337,7.762342545254411,2.911882872737279
1774602981557.0,768.892409254356,8.716812613218874,2.864159369339056
1774602986557.0,873.6401408112004,11.223444214678732,2.7388277892660633
1774602996555.0,952.0820164328641,14.693282784102294,2.5653358607948853
1774603006553.0,999.7281048682338,14.370553535820092,2.5814723232089953
1774603011553.0,1079.2286423028058,14.43513792719588,2.578243103640206
1774603021552.0,1159.876101129364,16.533438384391218,2.4733280807804388
1774603026558.0,970.7791528691164,13.56778701030666,2.621610649484667
1774603036556.0,706.1267474982066,9.50089106194594,2.824955446902703
1774603046554.0,517.9739331654872,6.825273605700636,2.958736319714968
1774603056554.0,409.4013011968514,5.267202255843637,3.036639887207818
1774603066558.0,333.9872251931112,4.29041720840508,3.085479139579746
1774603076553.0,367.93795860146304,4.181836554505059,3.0909081722747467
1774603081553.0,374.6928323248046,4.5185354767854955,3.074073226160725
1774603086558.0,398.77515502542053,5.41381320145024,3.029309339927488
1774603096554.0,436.8482434388053,5.619448977636923,3.0190275511181537
1774603101554.0,456.8617588469575,6.000002401760031,2.9999998799119982
1774603111552.0,522.327678199977,5.601406611571416,3.019929669421429
1774603116555.0,526.1625886273794,5.672142609428119,3.0163928695285938
1774603121557.0,521.6715103758703,5.427718307341654,3.0286140846329173
1774603131552.0,780.9582447149706,10.417577268096839,2.779121136595158
1774603136556.0,898.8904170438768,10.755161863987869,2.7622419068006066
1774603146554.0,955.916603400225,12.850026245311346,2.6574986877344324
1774603156552.0,1048.0524648893338,15.141198705111151,2.5429400647444425
1774603161553.0,1094.2773146583613,16.39716738037695,2.4801416309811524
1774603166558.0,1095.3561910560618,15.59787324742414,2.5201063376287927
1774603176556.0,947.1231133076259,13.705888656223406,2.6147055671888295
1774603181556.0,802.456135492265,11.265218418700027,2.7367390790649986
1774603191554.0,574.8240518005442,7.971426265171886,2.9014286867414056
1774603196555.0,492.0122602169983,6.823408205608937,2.958829589719553
1774603206551.0,395.79777937685236,5.061919209436262,3.0469040395281866
1774603211552.0,348.2465191476326,4.534937603556253,3.073253119822187
1774603216553.0,316.2826781500142,4.105177482676694,3.094741125866165
1774603221564.0,296.47660951502826,3.644629463224842,3.117768526838758
1774603226564.0,328.35555222383715,4.150024122048618,3.092498793897569
1774603236554.0,361.07707783852305,4.623246984152894,3.068837650792355
1774603246553.0,462.14807553583137,5.6667930352446065,3.0166603482377696
1774603256558.0,516.3455196216096,6.0503273279005905,2.99748363360497
1774603261558.0,511.44167070957076,5.937696738614645,3.0031151630692676
1774603271556.0,525.3322796995056,6.636620884242924,2.9681689557878537
1774603281554.0,809.6812292782708,9.997105247983164,2.8001447376008417
1774603286554.0,899.1224193358094,11.665867102670852,2.7167066448664574
1774603296552.0,966.9010242101269,13.544570967656359,2.622771451617182
1774603301552.0,1042.6628702636046,14.3684972746022,2.5815751362698895
1774603311557.0,1095.9989853121845,16.466631351487003,2.4766684324256496
1774603316558.0,1077.0760583399147,16.746754036528344,2.4626622981735826
1774603326555.0,890.3099590945741,14.125007587407023,2.593749620629649
1774603331556.0,754.7515519320898,11.623888241126295,2.718805587943685
1774603341552.0,538.6962046660499,8.394037852010634,2.8802981073994682
1774603346553.0,467.67710103476014,6.934101820406115,2.953294908979694
1774603356557.0,375.6230963548878,5.228327345530454,3.038583632723477
1774603366556.0,308.61738345817827,4.202153847305122,3.0898923076347438
1774603376555.0,349.08536049313346,4.676000584389371,3.066199970780531
1774603381555.0,368.7664786868434,5.055565648448547,3.0472217175775724
1774603391552.0,436.62074837392584,5.832301866381118,3.008384906680944
1774603396553.0,449.38984484607164,6.333848509766016,2.983307574511699
1774603406558.0,482.76068117644866,7.1402782869016646,2.9429860856549164
1774603411558.0,480.541880415537,7.2706387564056225,2.936468062179719
1774603421554.0,524.5646680955681,6.459524923196318,2.977023753840184
1774603431554.0,756.0585191276272,10.737717995971542,2.7631141002014226
1774603436554.0,858.0170555578572,11.758856508882074,2.712057174555896
1774603446552.0,1025.8038699508659,14.091124701971184,2.5954437649014404
1774603451552.0,1028.055181995309,13.927757029164711,2.6036121485417643
1774603456557.0,1026.625358694878,14.246878543678786,2.5876560728160607
1774603466556.0,1069.509865529414,14.0341084830998,2.59829457584501
1774603471556.0,1133.529815231026,14.48927920115923,2.575536039942038
1774603481554.0,794.3392502414956,9.826833215200551,2.8086583392399724
1774603491552.0,589.6900689676305,6.879058150916922,2.9560470924541535
1774603496557.0,514.3694492655924,5.918506805820857,3.004074659708957
1774603501558.0,446.8632470932212,5.167377040173867,3.0416311479913065
1774603511556.0,371.79381217210533,4.1588000145763395,3.092059999271183
1774603521555.0,313.79634641037256,3.6366035447863982,3.11816982276068
1774603531553.0,410.12108009461775,5.042565451186556,3.047871727440672
1774603541553.0,455.4352272898555,5.2790563340482075,3.0360471832975895
1774603546556.0,494.65527376929424,5.987722877087907,3.0006138561456046
1774603551558.0,497.3261960514943,6.298690510972033,2.9850654744513982
1774603561556.0,544.4463841309354,5.913671953555646,3.0043164023222175
1774603571552.0,515.6499610133673,5.6589334391202835,3.0170533280439855
1774603576553.0,617.696186152083,8.009984673513454,2.8995007663243273
1774603586552.0,870.2411172157149,10.660177622411084,2.766991118879446
1774603591552.0,965.4608890958851,11.468062731853243,2.7265968634073374
1774603596558.0,1006.1201037706724,12.073492956323129,2.6963253521838433
1774603606556.0,1052.1447085524499,14.479268621461546,2.5760365689269227
1774603616553.0,1151.6968280429267,15.175430929759443,2.5412284535120278
1774603621555.0,1182.3667127929264,16.510566637569838,2.4744716681215078
1774603631552.0,824.8323404068715,11.371440306233499,2.7314279846883247
1774603636552.0,697.7379148276192,9.622177535787682,2.8188911232106157
1774603641559.0,600.2397998818963,8.266811897325239,2.886659405133738
1774603651557.0,445.9563096900568,6.030738690913168,2.9984630654543416
1774603661555.0,362.7291003546091,4.8175713596749405,3.0591214320162528
1774603671553.0,306.4531647076339,3.4853484910850288,3.1257325754457486
1774603676558.0,380.4990816583047,4.569370399847038,3.071531480007648
1774603686553.0,480.09873994039685,4.989159552156216,3.050542022392189
1774603691559.0,484.68579173800794,5.41531934580877,3.0292340327095615
1774603701556.0,505.1451236268609,5.701129130966048,3.0149435434516976
1774603711555.0,507.92176309829,5.888265439644472,3.0055867280177764
1774603721554.0,499.54511937444875,5.432115099516518,3.028394245024174
1774603726554.0,643.5504824917575,7.662115903988417,2.916894204800579
1774603736559.0,846.9583878270626,10.592133621947193,2.77039331890264
1774603746556.0,971.3363540294478,12.95103570096162,2.6524482149519186
1774603756553.0,1100.3656263178468,14.453860439372203,2.5773069780313898
1774603761553.0,1155.0873714825407,14.923294142335346,2.5538352928832326
1774603766554.0,1191.6971148356824,15.542266061609425,2.5228866969195285
1774603776551.0,999.9844877979481,12.957596311176559,2.6521201844411717
1774603781558.0,848.2238321262236,10.6194470082563,2.769027649587185
1774603791557.0,622.8755795994955,7.70397040827828,2.9148014795860857
1774603801553.0,474.16208314428343,5.925529547414502,3.003723522629275
1774603806555.0,416.2364595762224,5.084191701499705,3.0457904149250146
1774603816560.0,332.0686741268846,4.12370497592785,3.0938147512036074
1774603826559.0,345.708682112808,4.047404933794323,3.097629753310284
1774603831565.0,396.91323802874535,4.365084223483134,3.081745788825843
1774603841557.0,474.81937221141914,5.026937093393049,3.0486531453303476
1774603851555.0,538.6869677997007,5.28109476181919,3.03594526190904
1774603861555.0,547.7649510093868,5.015403999231185,3.0492298000384404
1774603871552.0,548.805939527723,5.930266790014635,3.0034866604992683
1774603876552.0,715.5201369120533,7.330147731271632,2.9334926134364183
1774603881557.0,808.0675150205068,10.25863970513162,2.7870680147434186
1774603886557.0,846.5429856226106,11.077793410285711,2.746110329485714
1774603891557.0,950.0578824042454,13.048364374063217,2.647581781296839
1774603901555.0,1069.1817693558148,15.138014812482378,2.543099259375881
1774603906556.0,1123.0036494038263,15.353856460990105,2.5323071769504946
1774603916553.0,1164.9170654101777,15.613811415586934,2.519309429220653
1774603921553.0,1198.4263312401401,15.513387930603693,2.524330603469815
1774603931553.0,839.1703628366724,10.865696317073901,2.7567151841463047
1774603936556.0,718.0733074489714,9.132452620687653,2.843377368965617
1774603941557.0,620.9874814075602,7.831557025859613,2.908422148707019
1774603951646.0,476.83996006784133,5.741442512874368,3.0129278743562815
1774603956874.0,426.0065609405294,4.919137342094205,3.0540431328952895
1774605498560.0,376.419631504771,4.446508385556054,3.077674580722197
1774605506375.0,306.95884386987854,3.77732451677086,3.111133774161457
1774606455154.0,346.7706631329152,3.8661070098673482,3.1066946495066325
1774606465152.0,393.4482056570063,4.8743218321846955,3.056283908390765
1774606470153.0,436.20446441575785,5.577050609524325,3.0211474695237834
1774606480150.0,468.2011022256105,5.311191349071821,3.034440432546409
1774606485160.0,475.30261383266657,5.144886974496278,3.042755651275186
1774606495155.0,508.6003327182132,5.7794541478607355,3.011027292606963
1774606500155.0,539.9817031588403,6.252822202860592,2.9873588898569703
1774606510153.0,784.0820475468198,10.70810109128653,2.7645949454356735
1774606515155.0,838.1657270887517,12.17196458486749,2.691401770756625
1774606525152.0,963.7511893925328,13.52272989320395,2.623863505339802
1774606535156.0,1029.0320206904948,14.590228753583457,2.570488562320827
1774606540157.0,1079.3797365153955,14.138928653639832,2.593053567318008
1774606550152.0,1066.160446882598,13.998462550352267,2.6000768724823864
1774606560152.0,755.1347728626217,9.868626225651607,2.8065686887174195
1774606570152.0,568.7800657963298,7.083729065428281,2.9458135467285858
1774606580156.0,440.0599146878051,5.386442610790603,3.0306778694604697
1774606585157.0,392.7398270703476,4.6757918049301495,3.0662104097534923
1774606595152.0,318.8727588105373,4.001356686493543,3.0999321656753227
1774606600155.0,292.0392468054024,3.7540677997371885,3.11229661001314
1774606610153.0,387.6843979339028,5.533801214664835,3.023309939266758
1774606620150.0,470.90946020970586,5.797505405621379,3.010124729718931
1774606625150.0,502.1145126639966,5.747319657060445,3.0126340171469774
1774606630151.0,525.1866848977462,6.1765944772023085,2.9911702761398846
1774606635156.0,548.1579688909912,6.028264110204772,2.998586794489761
1774606645154.0,540.0714859712132,5.53591877214025,3.0232040613929874
1774606650155.0,548.8574042759282,5.285706744354902,3.035714662782255
1774606660152.0,760.2896081198129,8.619701207912895,2.869014939604355
1774606670150.0,930.1540951459403,11.40073224554491,2.729963387722754
1774606675150.0,960.1680556357694,12.709247609652548,2.6645376195173722
1774606680156.0,982.2089348717616,14.334859583864963,2.5832570208067516
1774606690153.0,1101.6674641109767,15.34651029772015,2.532674485113992
1774606695155.0,1127.466108926271,15.906715528702916,2.5046642235648537
1774606705152.0,951.8068685110536,12.696013407182502,2.665199329640875
1774606710152.0,794.5039340343523,10.646477932520241,2.767676103373988
1774606715152.0,668.3923034714218,9.105247191303892,2.844737640434805
1774606725150.0,494.60667027641614,6.53173339754296,2.9734133301228516
1774606730156.0,436.17801181923585,5.820347727887478,3.008982613605626
1774606740151.0,350.0526170829811,4.307157851339444,3.0846421074330275
1774606745153.0,327.7149881569784,4.04538728865997,3.097730635567001
1774606755153.0,357.6992203284335,3.765673282257973,3.111716335887101
1774606765151.0,436.6252582754721,4.342117819817664,3.0828941090091164
1774606770154.0,451.5383964944919,4.614886780835147,3.0692556609582424
1774606775165.0,497.16907999780517,5.107157265714176,3.044642136714291
1774606785154.0,516.0164857536872,5.6834930961270755,3.015825345193646
1774606790154.0,543.449196389362,6.22881953305235,2.988559023347382
1774606800152.0,498.4702619312897,6.699819261143923,2.9650090369428037
1774606805153.0,661.1033565391792,8.18416330370169,2.890791834814915
1774606815150.0,818.40448263903,11.100848607427368,2.7449575696286312
1774606820155.0,907.976842650499,12.07583040538983,2.696208479730508
1774606825156.0,1002.6866969585806,13.944509740891366,2.6027745129554316
1774606835152.0,1013.9168011016712,15.82724437608199,2.5086377811959
1774606840155.0,1049.4428563447975,16.500377853464407,2.4749811073267796
1774606850151.0,1076.4410697445603,17.4630206193001,2.426848969034995
1774606855152.0,897.5266406401743,14.3884806514617,2.5805759674269146
1774606860152.0,756.4189360341079,11.945492146007204,2.7027253926996395
1774606870156.0,563.7995267467727,8.338916825422144,2.8830541587288927
1774606875156.0,493.53547556895444,7.16022106105221,2.941988946947389
1774606885156.0,384.592005987726,5.259745871569034,3.037012706421548
1774606895158.0,320.5119058881236,4.1004220826547275,3.0949788958672633
1774606905152.0,350.4825514974669,4.586117081818522,3.0706941459090737
1774606915157.0,426.85565661726537,5.341370133951978,3.0329314933024007
1774606925151.0,492.0280702335607,5.367563829016874,3.031621808549156
1774606930151.0,502.6532983698215,5.637738013465447,3.0181130993267273
1774606935154.0,523.5268864217833,5.636007309349475,3.018199634532526
1774606945151.0,501.5209271646704,5.786154236237817,3.010692288188109
1774606950151.0,524.8544027299669,5.869829636106085,3.0065085181946953
1774606955151.0,652.7119706495171,8.912066632738494,2.854396668363075
1774606965157.0,781.6765799173404,12.985227400501179,2.6507386299749407
1774606975151.0,889.4476079530286,13.66691227718214,2.6166543861408926
1774606980155.0,974.5906972272732,14.229245012861199,2.5885377493569397
1774606990153.0,1019.4569678716579,14.635192163041113,2.568240391847944
1774606995153.0,1058.9882012421954,14.157652614575166,2.5921173692712416
1774607005152.0,893.257621940426,11.409980529121222,2.7295009735439386
1774607015156.0,649.3620491619813,7.700670999087079,2.914966450045646
1774607025154.0,491.9450449037033,5.54896921765487,3.022551539117256
1774607030155.0,435.7169030415992,4.731030221064553,3.063448488946772
1774607035160.0,386.5889183621037,4.359616385398178,3.0820191807300907
1774607045152.0,309.4747685131469,3.51152484415021,3.1244237577924894
1774607050152.0,284.2308099584312,3.015695654848116,3.149215217257594
1774607060163.0,409.23616226982926,4.305168628420327,3.0847415685789836
1774607070156.0,432.05100589677386,5.061696021892914,3.0469151989053542
1774607080154.0,504.3583792885102,6.367809769494525,2.9816095115252734
1774607090153.0,550.7401206118482,6.631741696015093,2.968412915199245
1774607100150.0,546.0132235879313,6.84114054083179,2.9579429729584104
1774607105151.0,670.8620430240098,9.24127434154032,2.8379362829229837
1774607110155.0,803.7610179235478,10.981674954514784,2.7509162522742607
1774607120151.0,973.1212512874221,14.503876316710194,2.57480618416449
1774607125154.0,1046.3647623543893,15.084353315416987,2.5457823342291506
1774607130154.0,1115.2000231741154,15.069635750985906,2.5465182124507044
1774607140152.0,1195.1873543513332,15.469843363997747,2.5265078318001124
1774607145152.0,1189.9217652869675,16.675719010046308,2.4662140494976845
1774607155157.0,1010.6532737839858,14.465500229529598,2.57672498852352
1774607165156.0,720.516658664729,10.164502955284755,2.791774852235762
1774607175154.0,515.7196623285203,7.2941165007683715,2.935294174961581
1774607185152.0,402.2134250751672,5.4901666419151285,3.0254916679042436
1774607190152.0,369.2272071928614,4.608011361386806,3.0695994319306594
1774607200158.0,309.3515960643919,3.6722041385855824,3.1163897930707205
1774607210154.0,429.61184635809576,4.476325830123974,3.0761837084938013
1774607215154.0,458.88245096207874,4.866848292852721,3.056657585357364
1774607220154.0,472.9743255817086,5.570753511867585,3.0214623244066208
1774607230152.0,539.0525611325389,5.726851713921445,3.0136574143039274
1774607240151.0,523.0200043630392,6.384179945296927,2.9807910027351534
1774607245152.0,512.8236885558889,6.200637087176828,2.9899681456411584
1774607255156.0,669.0322198880397,7.432756832107839,2.928362158394608
1774607265155.0,849.4388758020486,11.102701922686485,2.7448649038656754
1774607275152.0,967.8739430870039,13.459286832245297,2.627035658387735
1774607280152.0,1052.1357109072999,14.886310441424758,2.5556844779287617
1774607285152.0,1094.1409235320918,14.915377434807102,2.554231128259645
1774607295150.0,1170.0399389521783,15.767399089163295,2.511630045541835
1774607300157.0,1157.549047575008,16.183533330782872,2.490823333460856
1774607310156.0,816.959999312051,11.351378601723455,2.732431069913827
1774607320153.0,604.4424356720303,7.768857174755699,2.911557141262215
1774607325153.0,519.934725195781,6.610901697705908,2.9694549151147043
1774607335152.0,409.8764959368308,5.263967324595831,3.0368016337702084
1774607345157.0,343.2146677494174,4.146615142402404,3.0926692428798797
1774607350157.0,312.61212483145783,3.91071272059464,3.104464363970268
1774607355762.0,350.39013284252695,4.441985756007135,3.077900712199643
1774607365724.0,414.06490296704203,4.941425965133826,3.0529287017433084
1774607370726.0,415.7211952166363,5.49653355392001,3.025173322303999
1774607380718.0,424.9088319979719,5.763125371396915,3.011843731430154
1774607385746.0,470.7601892000456,5.692069733637798,3.0153965133181098
1774607395716.0,479.0371126440085,6.580299659916227,2.9709850170041885
1774607405723.0,626.7707206263585,7.825167067864661,2.908741646606767
1774607410724.0,709.3607726333327,10.109152556243622,2.7945423721878186
1774607421740.0,783.5302487357819,12.306775181088938,2.684661240945553
1774607481728.0,870.2820728431113,13.883905800600786,2.6058047099699606
1774607504729.0,968.6223931921052,13.620597092937208,2.6189701453531393
1774607510155.0,1051.7954720412213,13.926882682505832,2.603655865874708
1774607520154.0,1111.7270168039906,14.11751157801431,2.594124421099284
1774607530151.0,911.8906447839775,12.364788545580955,2.681760572720952
1774607535151.0,771.6228342213024,10.445841701241529,2.777707914937923
1774607540156.0,660.3831177519531,8.78714971525294,2.8606425142373526
1774607550155.0,491.6459291223114,6.25952827798687,2.987023586100656
1774607555155.0,434.36293165589973,5.43664952402946,3.028167523798527
1774607565154.0,354.92310352691516,4.238424542247583,3.088078772887621
1774607575151.0,294.86511557388206,3.3089739077650693,3.1345513046117466
1774607585152.0,376.57278432186104,4.421861318043217,3.078906934097839
1774607595157.0,434.96583485325664,4.898112150906532,3.055094392454673
1774607605155.0,481.42129921661325,5.332197675123336,3.033390116243833
1774607615152.0,527.6912006161958,5.066313160395274,3.046684341980236
1774607620152.0,534.0056704532327,5.314193285231374,3.034290335738431
1774607630150.0,689.2565569823103,8.224876993496423,2.888756150325179
1774607635151.0,755.4384016945413,10.304571674066612,2.7847714162966692
1774607640156.0,815.431401652156,11.053665377081133,2.747316731145943
1774607650152.0,936.9723930131559,13.821171121884687,2.608941443905765
1774607672860.0,1021.9235210206211,16.01183756210888,2.4994081218945556
1774607682858.0,1057.4098990404964,15.751108090200702,2.512444595489965
1774607687865.0,1122.2700449638191,15.129906152189442,2.5435046923905276
1774607715495.0,795.447586637509,10.43197267868929,2.7784013660655353
1774607724443.0,668.3698782084743,8.840066389646502,2.8579966805176746
1774607734442.0,491.32502421380616,6.110630600212756,2.994468469989362
1774607739448.0,424.76347977028576,5.372413832281231,3.0313793083859384
1774607744449.0,379.3405940111269,4.801158825384997,3.05994205873075
1774607754445.0,316.7313268637597,3.830091047481857,3.108495447625907
1774607864930.0,392.667811222951,4.63406433725771,3.0682967831371144
1774607874262.0,452.90946990982184,5.710614794710472,3.0144692602644763
1774607897874.0,452.90946990982184,2.0,3.29919
1774608341454.0,312.20602776066585,3.2674139023708113,3.1366293048814593
1774608351443.0,431.38258359275096,4.783080291174041,3.060845985441298
1774608356450.0,442.6882051486536,5.3842102412268495,3.0307894879386574
1774608366447.0,492.9756685871206,5.484123816004074,3.0257938091997962
1774608371447.0,610.2094561059091,8.754205935330795,2.86228970323346
1774608376447.0,766.0426527585075,10.697410755782926,2.7651294622108535
1774608386445.0,958.800680303962,13.101722580740322,2.644913870962984
1774608396443.0,1104.432860684416,13.942224998785967,2.6028887500607016
1774608406442.0,1169.7910908065235,14.929703169687127,2.5535148415156437
1774608411448.0,1181.0712313147903,16.194550289580302,2.490272485520985
1774608421446.0,985.9420462390149,13.229678367159979,2.638516081642001
1774608431443.0,702.7586488172874,9.09763936614024,2.8451180316929876
1774608436444.0,593.0243777659427,7.745101777917334,2.912744911104133
1774608441444.0,513.1505448102156,6.474440993848717,2.976277950307564
1774608451442.0,410.1422314489461,4.836655146240852,3.0581672426879574
1774608456443.0,377.4221303718023,4.347349786701941,3.0826325106649026
1774608461444.0,347.491425074346,3.7319867330824823,3.1134006633458755
1774608466446.0,325.96165323831775,3.3160359724568687,3.1341982013771563
1774608471446.0,379.1755711291202,3.50487063777764,3.124756468111118
1774608481451.0,457.3743791789078,4.989350668029726,3.0505324665985136
1774608491443.0,489.58682980304155,5.343688163836057,3.032815591808197
1774608496443.0,520.2846562216729,5.515119183365985,3.0242440408317006
1774608506449.0,544.3697973702144,5.886022844419403,3.00569885777903
1774608516447.0,514.5437184734902,5.746605085697012,3.012669745715149
1774608526445.0,764.6120624665666,10.314367678475156,2.784281616076242
1774608536444.0,985.2136693276354,12.094012721544297,2.6952993639227847
1774608546442.0,1038.2332915863647,15.219515003444192,2.53902424982779
1774608551447.0,1065.1679410035056,15.954853137948032,2.502257343102598
1774608561441.0,1088.241353566696,16.53550678783137,2.473224660608431
1774608566445.0,1084.372894843321,17.459778395477432,2.427011080226128
1774608571445.0,899.7970485241223,14.227575753762968,2.5886212123118515
1774608581444.0,659.0441436579591,9.683355076286075,2.815832246185696
1774608591442.0,487.8401278533519,6.797571759645495,2.960121412017725
1774608601448.0,381.0683524409862,4.825597514118078,3.058720124294096
1774608611446.0,321.87868488098144,3.892252770262955,3.105387361486852
1774608616453.0,298.6248361133689,3.6398448930447467,3.1180077553477625
1774608626444.0,372.84793865082645,4.560988988516602,3.0719505505741695
1774608636443.0,421.6786358542886,5.450556313984929,3.0274721843007533
1774608646448.0,462.0330487594428,5.976571656040324,3.0011714171979835
1774608656445.0,441.7345602956465,5.328510873195817,3.033574456340209
1774608661447.0,465.3563353854695,5.284734688802287,3.0357632655598854
1774608671445.0,658.4762660381522,8.341823099686101,2.8829088450156948
1774608681444.0,856.2424043802057,11.920851779149997,2.7039574110425
1774608691441.0,1040.8499153092873,14.07206872929648,2.596396563535176
1774608696449.0,1095.4160209843276,15.061326827920126,2.5469336586039937
1774608706447.0,1159.3031114838182,16.313154664819745,2.4843422667590125
1774608716445.0,1161.0701065453168,17.28023693430614,2.435988153284693
1774608726445.0,800.137810717329,11.745059482478538,2.712747025876073
1774608736443.0,594.0675719910872,8.29660508069284,2.885169745965358
1774608746447.0,451.9654227895328,6.216080410525283,2.9891959794737355
1774608751447.0,400.6806081330568,5.33663025091454,3.033168487454273
1774608761447.0,320.5269771142186,4.092194769586438,3.095390261520678
1774608771444.0,344.25144930703317,4.383808072717349,3.080809596364132
1774608776449.0,393.43860202304586,4.889461146629112,3.055526942668544
1774608786442.0,427.639504170849,5.863844984433994,3.0068077507783
1774608791442.0,439.04538157129576,6.393965796354696,2.980301710182265
1774608796447.0,455.9537789702876,6.906655651860634,2.954667217406968
1774608801447.0,475.1199924309947,6.820104586496525,2.9589947706751736
1774608806447.0,470.1807338838754,7.183352085344645,2.940832395732768
1774608816444.0,499.2754015080488,7.219469751715754,2.939026512414212
1774608821444.0,663.6356349017408,9.847789598454675,2.807610520077266
1774608831442.0,882.1599889211521,13.027668377866636,2.648616581106668
1774608836449.0,971.3756338866461,14.487289744558964,2.5756355127720516
1774608846448.0,1072.4657509240938,14.871420136296935,2.556428993185153
1774608856444.0,1139.923286207717,15.62248127884495,2.518875936057752
1774608861444.0,1133.741439007418,16.29772405486772,2.4851137972566137
1774608866444.0,1131.3681619921094,16.38958509790894,2.4805207451045526
1774608876443.0,789.5615622736148,11.306636854043349,2.734668157297832
1774608886443.0,578.3023065108479,7.8056075137822845,2.9097196243108856
1774608891445.0,497.9884536951992,6.841635325227108,2.9579182337386443
1774608896447.0,444.2079538005552,5.6958470285081315,3.0152076485745933
1774608906445.0,347.07007008002614,4.2395678142909805,3.088021609285451
1774608911445.0,315.92566336705227,3.6051344723316943,3.119743276383415
1774608921443.0,363.91055919283826,3.772677994718515,3.1113661002640742
1774608931445.0,470.56715359519853,5.3683647737561255,3.0315817613121934
1774608941447.0,512.4806075173675,5.988831235369668,3.0005584382315162
1774608951445.0,513.9184302828702,5.609190061478972,3.019540496926051
1774608956445.0,544.3762261652785,6.064251760546097,2.996787411972695
1774608966445.0,535.0379069376551,6.5947838712029725,2.970260806439851
1774608976443.0,767.2578780415682,11.202509921934006,2.7398745039032995
1774608986448.0,919.8276347949813,13.33672816801778,2.6331635915991107
1774608996447.0,1009.4736371403856,14.48066150701986,2.575966924649007
1774609006445.0,1097.6960528814654,13.65390299151479,2.61730485042426
1774609016442.0,1096.491907357136,15.153651533074658,2.542317423346267
1774609021443.0,919.96546171178,12.651234836721773,2.6674382581639113
1774609031447.0,663.8255345284346,8.805758375915977,2.8597120812042007
1774609036447.0,562.5915269277004,7.484031069068012,2.925798446546599
1774609041448.0,492.7251322838592,6.373762612296018,2.9813118693851988
1774609051446.0,393.85428083021384,4.913751837260007,3.0543124081369997
1774609056450.0,361.99720569022503,4.257872477449175,3.087106376127541
1774609066450.0,300.8495667485864,3.553184811197328,3.1223407594401333
1774609076448.0,379.3010790265603,4.399862356068971,3.0800068821965514
1774609081449.0,417.36274740300985,4.653114233085753,3.067344288345712
1774609091447.0,435.6890533439384,5.093831955565307,3.0453084022217345
1774609101444.0,501.2231504727083,5.690030683954076,3.015498465802296
1774609106444.0,516.5608873896269,6.166116579934721,2.991694171003264
1774609116443.0,501.2119587386605,5.72683101264719,3.0136584493676404
1774609126448.0,722.5040424146191,9.978121013148993,2.80109394934255
1774609136447.0,849.8042716074444,13.009050553056365,2.6495474723471815
1774609141447.0,914.1186686583417,13.16578683830156,2.641710658084922
1774609151445.0,991.4130893743389,14.74239349058714,2.5628803254706427
1774609161444.0,1053.9577683043804,13.974637959954293,2.601268102002285
1774609171449.0,879.4225891698055,11.543844673824537,2.722807766308773
1774609181448.0,644.3835653843718,8.002419694220581,2.899879015288971
1774609191447.0,485.77167602717435,6.061073714910682,2.9969463142544654
1774609201443.0,376.4720968195177,4.871706431256852,3.0564146784371573
1774609206444.0,336.2981372103537,4.458307628471847,3.0770846185764076
1774609216443.0,286.07473109038574,3.7593837188843446,3.1120308140557826
1774609221443.0,320.12386872310515,4.668814621214919,3.066559268939254
1774609226447.0,383.2493480524419,4.9520569369775815,3.0523971531511207
1774609231448.0,427.2975016040272,5.270381236341203,3.03648093818294
1774609236448.0,444.21311352790957,5.102187657110375,3.044890617144481
1774609241598.0,472.39142037111816,5.6290745590562254,3.0185462720471885
1774609251601.0,490.3115019139964,6.11071671077032,2.994464164461484
1774609261539.0,561.1728060937985,6.224710065234461,2.988764496738277
1774609266539.0,549.6741552822598,6.124115378243001,2.9937942310878496
1774609271549.0,660.7798614573869,8.08927903216161,2.8955360483919192
1774609276581.0,800.0570448253809,9.935603316056351,2.8032198341971823
1774609281611.0,895.8000120178478,11.465607794501022,2.726719610274949
1774609291547.0,986.8445703458455,13.267636865183972,2.636618156740801
1774609341525.0,1052.8635095220914,14.31926616082987,2.5840366919585063
1774609401513.0,1059.4243723270777,15.743655183127768,2.5128172408436114
1774609461516.0,1083.4562855576821,16.46619105395505,2.4766904473022473
1774609489227.0,1083.4562855576821,2.0,3.29919
1774609498738.0,442.3721993410997,4.378905200650703,3.0810547399674646
1774609508741.0,349.98121634286474,3.574274560746744,3.1212862719626626
1774609513742.0,316.54781701156196,3.235327810017821,3.1382336094991086
1774609518746.0,288.19478306528185,2.8336704579286143,3.158316477103569
1774609528739.0,263.5612072912291,2.194873141149034,3.190256342942548
1774609538737.0,242.6899551722311,2.095000319768874,3.1952499840115562
1774609543737.0,243.78769714873525,1.9462688638625079,3.2026865568068743
1774609553735.0,310.39739111655507,3.319879026221895,3.134006048688905
1774609558740.0,355.58279676331574,3.7927900703086155,3.110360496484569
1774609568740.0,423.56534052057015,4.671815896346879,3.066409205182656
1774609573740.0,469.9856498235583,4.81171589759737,3.0594142051201314
1774609578740.0,497.72163336834245,5.357219517309811,3.0321390241345094
1774609588738.0,541.3021636029149,6.127522953053425,2.9936238523473286
1774609598736.0,575.3053222994877,5.524155934797275,3.023792203260136
1774609603742.0,684.1762097255335,8.757726157700008,2.8621136921149994
1774609608742.0,796.7873799962188,9.58970680242936,2.8205146598785316
1774609618739.0,962.174161481201,12.359600475578777,2.682019976221061
1774609623740.0,989.6876424242917,12.91442595610869,2.6542787021945653
1774609633738.0,1066.4361404302258,13.183932809353308,2.6408033595323346
1774609643735.0,1088.4943663759498,15.108041534723416,2.544597923263829
1774609648736.0,1126.900622524194,15.65508054753362,2.5172459726233187
1774609653738.0,939.2244925569644,12.833195227521905,2.6583402386239046
1774609658741.0,783.136162789882,10.639508422906628,2.7680245788546682
1774609668736.0,586.8916044030447,7.774111681471864,2.9112944159264065
1774609673737.0,507.6687857308403,6.697721770443117,2.965113911477844
1774609678738.0,444.84164793862135,5.9062365400117915,3.00468817299941
1774609683738.0,394.9351727328516,5.077873008172794,3.0461063495913603
1774609693735.0,325.8587647188326,4.055254200674273,3.0972372899662863
1774609698736.0,292.0610091493769,3.7433663765460716,3.1128316811726964
1774609703743.0,321.8663915411424,4.321820972656344,3.0839089513671825
1774609708746.0,381.41928259706674,4.860948513778187,3.0569525743110906
1774609718740.0,449.4544662365972,5.717273677603798,3.01413631611981
1774609728737.0,475.00750597566685,5.3168791603876,3.0341560419806197
1774609733738.0,516.9270155666914,5.2445921757202045,3.0377703912139897
1774609743735.0,529.5091291247136,4.956409275264871,3.052179536236756
1774609748741.0,506.9815893825221,4.825890042874085,3.0587054978562955
1774609758740.0,721.8655266522861,8.831499443507548,2.858425027824622
1774609768739.0,937.6622460366673,11.180652650732949,2.7409673674633526
1774609778737.0,999.1195606109467,12.27316698994281,2.6863416505028592
1774609788736.0,1070.569041031302,13.45406266406017,2.6272968667969914
1774609798742.0,1146.3370468122566,14.397387496398439,2.580130625180078
1774609808740.0,806.8890472751564,10.076566741395684,2.796171662930216
1774609818739.0,590.2232320891559,7.153542076171049,2.942322896191447
1774609828737.0,446.3548542117377,5.359146179624876,3.032042691018756
1774609833737.0,401.4845493361594,4.867621886682017,3.056618905665899
1774609838737.0,366.65985267609756,4.359618065014724,3.0820190967492636
1774609843748.0,330.10330708036406,4.085886735906539,3.095705663204673
1774609853736.0,333.905919410351,4.678783050690463,3.0660608474654767
1774609858741.0,388.88600257719133,5.077768718664855,3.046111564066757
1774609868739.0,444.5094779776427,5.382325539169187,3.0308837230415406
1774609878738.0,461.9456891287652,5.587145862144548,3.0206427068927724
1774609888735.0,482.70685855768465,6.512979343899055,2.974351032805047
1774609893736.0,506.72038308308987,6.9087128561848345,2.9545643571907583
1774609898740.0,512.3247436923109,7.0583386710058,2.94708306644971
1774609903741.0,670.306290849117,8.870907898301608,2.8564546050849193
1774609913739.0,826.3517431491832,10.923494839673204,2.75382525801634
1774609923737.0,994.9905632171922,13.08796290318241,2.645601854840879
1774609928737.0,1006.0425732922239,13.464324215811066,2.6267837892094463
1774609938735.0,1126.0256273201126,14.295200893353575,2.585239955332321
1774609943742.0,1123.9702492510964,15.779152142013322,2.5110423928993337
1774609953738.0,972.1297873000742,13.989699932138164,2.6005150033930917
1774609958739.0,810.3019790969456,11.531793532241263,2.7234103233879368
1774609963739.0,685.8796578316421,9.49160664498821,2.825419667750589
1774609973737.0,511.58483277615903,6.821391897771967,2.9589304051114014
1774609978737.0,450.38647873847196,5.973399978389075,3.001330001080546
1774609988743.0,360.8584747112157,4.477360409580496,3.076131979520975
1774609993748.0,325.04834571243526,3.9792904928583086,3.1010354753570843
1774610003745.0,356.78424990857434,4.472925238202,3.0763537380899
1774610013743.0,427.79537280237076,5.291459605536344,3.0354270197231825
1774610023736.0,515.7193173403654,5.750161310538137,3.012491934473093
1774610028736.0,526.7390211685469,5.481100663322727,3.0259449668338636
1774610038737.0,536.2228301497537,5.797926921079816,3.010103653946009
1774610043740.0,535.4693624670632,6.249949246941748,2.9875025376529125
1774610048741.0,522.3451953971054,6.522435481740693,2.9738782259129652
1774610058739.0,808.1294537010583,10.310770926415266,2.7844614536792367
1774610063739.0,905.0552938017288,11.076430253808336,2.746178487309583
1774610068739.0,940.5940584909741,11.431158903375534,2.728442054831223
1774610078737.0,1028.4979747615032,13.552972443481433,2.622351377825928
1774610088743.0,1121.066689787576,15.095754478911374,2.545212276054431
1774610098739.0,1161.5068028741925,15.328839296295271,2.5335580351852363
1774610108737.0,822.0203612832137,10.79148218283934,2.760425890858033
1774610113739.0,705.0515088782286,9.198629780044252,2.8400685109977872
1774610123737.0,539.3128518945886,6.418973188668108,2.9790513405665946
1774610133742.0,421.655437412645,4.574055033870902,3.071297248306455
1774610143738.0,339.4170520868747,3.708700706569413,3.114564964671529
1774610148740.0,310.96153896720546,3.426518866399207,3.1286740566800395
1774610158738.0,381.5798365021547,4.413575190915733,3.079321240454213
1774610168738.0,443.98739656472725,5.35338676770675,3.032330661614662
1774610178735.0,478.1983517575851,5.794185830852171,3.0102907084573913
1774610183737.0,512.8747400136814,6.411073186016352,2.979446340699182
1774610188741.0,531.6098909096991,6.921865892438016,2.953906705378099
1774610198739.0,565.2979712751546,6.3966001445689855,2.9801699927715504
1774610208738.0,755.2755082447168,9.50799638828823,2.8246001805855885
1774610218737.0,930.2332832032513,12.468662735821482,2.676566863208926
1774610228736.0,1088.8121663504717,14.15042147873909,2.592478926063045
1774610233742.0,1132.353528852295,15.469403184352785,2.5265298407823606
1774610243741.0,1173.5827779687452,15.620253817517288,2.5189873091241353
1774610253738.0,1014.7007248903817,12.695016503085835,2.665249174845708
1774610258738.0,849.1970794158947,10.356381440195744,2.7821809279902125
1774610268736.0,608.9361412770503,7.365069253759446,2.9317465373120273
1774610278741.0,464.74516156223444,5.498996076393279,3.0250501961803358
1774610283742.0,404.3463185596234,4.860101149522714,3.0569949425238643
1774610288742.0,365.17920900086284,4.19640214928074,3.090179892535963
1774610298739.0,309.252527931264,3.4417537286904496,3.1279123135654774
1774610308738.0,370.42624693962136,4.316964349289572,3.084151782535521
1774610318736.0,395.63630708084673,4.66778986812857,3.0666105065935714
1774610323741.0,410.32475586472833,4.854726582275503,3.0572636708862246
1774610328743.0,416.3441562341451,5.535176775859702,3.023241161207015
1774610338737.0,444.6619486367639,6.525396270201319,2.973730186489934
1774610343740.0,448.0115061199114,6.12603147062932,2.9936984264685336
1774610353736.0,644.9367012843002,7.692855817764344,2.9153572091117828
1774610358737.0,757.1550970299129,8.660922900201804,2.8669538549899096
1774610368736.0,943.7336285072056,11.65887697623805,2.717056151188097
1774610378740.0,1053.4255243369569,12.518435410409825,2.6740782294795085
1774610383741.0,1050.3379984905205,14.230069081753832,2.5884965459123084
1774610393735.0,1071.5204536490976,16.510342288810193,2.4744828855594903
1774610399524.0,1136.4190860682395,16.793103415218642,2.4603448292390677
1774610409517.0,809.0362854281418,11.174292139902574,2.741285393004871
1774610414520.0,678.0888612967781,9.445843036255756,2.827707848187212
1774610419546.0,573.0392721911644,7.888088600860714,2.905595569956964
1774610428738.0,440.34860273467547,5.819946234682992,3.0090026882658503
1774610438735.0,354.13875006431607,4.392793373347091,3.080360331332645
1774610443739.0,327.5386907904955,3.9480131265132203,3.102599343674339
1774610448743.0,302.0788976879504,3.5970916423603594,3.120145417881982
1774610458739.0,399.35098922779406,4.486651805005388,3.0756674097497303
1774610463744.0,403.86375542517317,4.703163563515492,3.064841821824225
1774610473736.0,408.33000135565,4.976136581082852,3.051193170945857
1774610478738.0,438.73097511568756,5.510437960118739,3.0244781019940628
1774610488735.0,519.6508566737426,5.907978402232145,3.0046010798883924
1774610493741.0,502.7463543108026,6.258350535040852,2.9870824732479573
1774610498741.0,496.73417263578585,6.125066586521778,2.993746670673911
1774610508740.0,771.0308405769063,10.395609695821259,2.7802195152089366
1774610518738.0,913.0096138948257,12.905210340549663,2.6547394829725164
1774610528737.0,1048.1010107991665,13.701042112372123,2.6149478943813937
1774610538739.0,1092.800217757358,15.004856359042503,2.5497571820478746
1774610543741.0,1131.4565683824865,15.133077319973836,2.543346134001308
1774610553738.0,920.4133384371426,13.219052465249977,2.639047376737501
1774610558738.0,771.1920208325097,11.165000269193616,2.741749986540319
1774610563739.0,649.549512548786,9.411507160008684,2.8294246419995654
1774610573737.0,475.37934105932334,6.8963414187739085,2.9551829290613045
1774610583736.0,378.0442390893469,4.923453955076385,3.0538273022461806
1774610588741.0,350.4040667239885,4.224400417158867,3.0887799791420565
1774610598740.0,303.1639723242772,3.3759451523833164,3.131202742380834
1774610606491.0,328.21915479073243,2.42591023372667,3.178704488313666
1774610616489.0,390.3788025130765,4.108356520226154,3.0945821739886923
1774610626494.0,480.6693776517401,4.366930328511526,3.0816534835744234
1774610636492.0,488.35993875587025,4.967067826568538,3.051646608671573
1774610646492.0,514.0598092031956,5.008292420603651,3.0495853789698173
1774610656488.0,657.4488784182458,8.220689292099955,2.888965535395002
1774610661488.0,738.5118033130149,9.652113020929825,2.8173943489535085
1774610666488.0,835.4676612130356,12.090749945894526,2.6954625027052734
1774610676486.0,1025.4284820755793,13.717017865054666,2.6141491067472664
1774610681486.0,1066.451109515432,15.364584191308952,2.5317707904345523
1774610691483.0,1096.3133206801597,16.623112985598397,2.46884435072008
1774610696490.0,1154.2723681603077,17.423139913837325,2.4288430043081335
1774610706488.0,947.1712299801217,14.93846079030537,2.553076960484731
1774669162511.0,249.19139,2.0,3.29919
1774669170868.0,239.73419137837433,2.0752847080006505,3.1962357645999675
1774669175868.0,234.81747199724384,2.1948375797912503,3.1902581210104373
1774669185865.0,216.8789739414329,2.3032183409275877,3.1848390829536206
1774669190870.0,210.87019205992382,2.354199628515955,3.1822900185742022
1774669195871.0,216.39093825240795,2.4186054960346652,3.1790697251982665
1774669205869.0,213.2170848870954,2.3112194741827694,3.1844390262908613
1774669215867.0,271.5141797566572,3.330090761874157,3.133495461906292
1774669220867.0,314.387867434695,3.5739703254162034,3.1213014837291895
1774669230866.0,393.75224774280395,4.461172964704325,3.0769413517647837
1774669240870.0,422.0168838356793,5.465354962898341,3.0267322518550825
1774669250869.0,470.18713019074073,6.169113327755274,2.9915443336122363
1774669260870.0,539.5507203033228,7.003582519604534,2.949820874019773
1774669270867.0,778.1276451331305,10.16139312298174,2.791930343850913
1774669280864.0,966.7259486321603,11.924351167988863,2.7037824416005565
1774669285865.0,1044.596403159183,13.262988685195017,2.636850565740249
1774669290870.0,1085.0262574139008,14.750144151337336,2.562492792433133
1774669295870.0,1073.0492340596495,15.178362803227525,2.5410818598386236
1774669305868.0,1101.5854743348734,15.061015391307322,2.5469492304346337
1774669310868.0,1088.722889295652,15.364893354262438,2.531755332286878
1774669320865.0,768.3804462065084,10.461729865350149,2.7769135067324924
1774669330864.0,576.9085110934868,7.393534178369321,2.9303232910815336
1774669335865.0,499.86485798646044,6.14488106395241,2.9927559468023794
1774669340870.0,430.1772839233024,5.336514488660491,3.0331742755669753
1774669350868.0,350.55450132683694,3.990040863017817,3.100497956849109
1774669360866.0,302.28746695556936,3.146878311546918,3.142656084422654
1774669365866.0,360.6829919471036,3.921322163780061,3.1039338918109967
1774669375864.0,448.34487781416584,5.086351420593177,3.045682428970341
1774669380864.0,474.10126369736344,5.5054329518104055,3.0247283524094795
1774669385871.0,495.93880764151265,5.298637442686335,3.0350681278656833
1774669395869.0,483.2264629393903,5.449047795876119,3.027547610206194
1774669405868.0,486.5670407665336,5.797233715223916,3.010138314238804
1774669415866.0,616.866640495478,7.928807266223739,2.903559636688813
1774669425865.0,825.8788057758492,10.76371021587091,2.7618144892064542
1774669430870.0,933.484344394585,12.71903153279968,2.6640484233600157
1774669435870.0,980.8565029579975,12.942026277138538,2.652898686143073
1774669445869.0,1022.6739118188132,14.24332225863148,2.5878338870684257
1774669455868.0,1129.9148889014505,14.566109571687933,2.571694521415603
1774669465866.0,957.520600715387,13.20742769613207,2.6396286151933963
1774669470866.0,810.1222976843501,10.939678790120777,2.753016060493961
1774669480868.0,592.480063263564,7.591598603814536,2.920420069809273
1774669485869.0,506.13664154855445,6.543370096879923,2.9728314951560035
1774669490870.0,445.52744430337964,5.574750419954701,3.0212624790022646
1774669500867.0,352.0400628337717,4.2122632281290615,3.089386838593547
1774669510865.0,311.18138933215965,3.513805905972945,3.1243097047013526
1774669515866.0,344.1328288834196,4.13033402649995,3.0934832986750025
1774669525871.0,440.204095004768,4.632708071523726,3.0683645964238133
1774669535866.0,503.9803969650349,4.963865864318915,3.051806706784054
1774669540869.0,489.9951227539621,4.986352858533866,3.0506823570733066
1774669550868.0,498.88957647259843,5.165823154910019,3.041708842254499
1774669560864.0,504.2905036852659,5.0793828629387505,3.0460308568530623
1774669565866.0,623.3351715489259,8.090581531576166,2.8954709234211915
1774669575869.0,815.4801114782634,11.115427187492699,2.744228640625365
1774669585867.0,968.7015632777772,13.29269640448228,2.635365179775886
1774669590868.0,1007.2217741088855,13.904430564262546,2.6047784717868723
1774669595868.0,1042.3785759099806,14.207390822359324,2.5896304588820334
1774669605866.0,1133.6603430711198,14.822532130754484,2.5588733934622754
1774669615863.0,977.4456711609546,13.299004056996235,2.635049797150188
1774669620864.0,813.0084963584571,10.95631426023301,2.7521842869883493
1774669625870.0,682.2678308028044,8.965934131498464,2.851703293425077
1774669635866.0,512.2550442954414,6.296574487324425,2.9851712756337787
1774669640866.0,450.30150818330674,5.35760446276561,3.032119776861719
1774669645867.0,392.02242295843286,4.72450602635146,3.063774698682427
1774669655865.0,331.18846876664355,3.738267949719256,3.113086602514037
1774669660865.0,302.4095174885547,3.5821555430816447,3.1208922228459177
1774669665870.0,374.6291929015113,3.835736996652186,3.1082131501673906
1774669675867.0,405.77340131660424,5.0371939146570766,3.0481403042671458
1774669680868.0,440.8779311004022,5.325057840989197,3.03374710795054
1774669690868.0,436.68607820995913,5.3246133652806265,3.0337693317359684
1774669695868.0,458.6540799574376,5.233035889357221,3.038348205532139
1774669705865.0,524.1284477816121,5.5176526374139545,3.024117368129302
1774669710865.0,503.4117293824732,5.688727158958345,3.0155636420520824
1774669720871.0,734.8865406218933,9.805330915718052,2.809733454214097
1774669730866.0,887.2543511706995,12.31287044714301,2.684356477642849
1774669735868.0,983.2602785982743,12.48835201295774,2.6755823993521126
1774669740868.0,1060.2509609954184,13.038273337958602,2.6480863331020696
1774669750866.0,1084.5485116136513,14.555334258839874,2.572233287058006
1774669760865.0,1153.4836610674456,15.013090430280979,2.549345478485951
1774669770869.0,808.6494124199514,10.26512386106683,2.7867438069466584
1774669775869.0,689.6718662272716,8.687274299515382,2.8656362850242307
1774669785868.0,503.1607957704087,6.450169331049536,2.977491533447523
1774669795866.0,402.0173014748568,5.1496486174754015,3.04251756912623
1774669805864.0,337.17500727693863,4.294804089540988,3.0852597955229504
1774669815870.0,338.22106606865674,4.8088809452981165,3.059555952735094
1774669820870.0,388.99792533569723,4.681292833728528,3.0659353583135736
1774669830868.0,438.9890017262817,5.220916406661661,3.038954179666917
1774669840867.0,471.99566551248097,5.604274491543282,3.0197862754228355
1774669850865.0,508.2933635723717,6.136031482736105,2.9931984258631945
1774669860863.0,480.73336047170477,6.310717936410827,2.9844641031794583
1774669865863.0,641.5467712190514,8.645516741652257,2.867724162917387
1774669870869.0,745.4417733222085,10.301231091825976,2.784938445408701
1774669875869.0,808.2783238701493,11.963337285652605,2.7018331357173695
1774669885867.0,918.9563793545249,12.374261875574579,2.681286906221271
1774669895866.0,948.7465893141836,14.933956834949376,2.553302158252531
1774669905863.0,1083.0215427395108,16.010820391213993,2.4994589804393
1774669910870.0,1116.1712403701356,15.2099746217498,2.5395012689125096
1774669915870.0,930.8705349852451,12.530060128065184,2.6734969935967405
1774669925867.0,664.9028793054658,8.601660932482583,2.8699169533758706
1774669930869.0,574.4425366124894,7.400535391538971,2.9299732304230512
1774669940867.0,432.24159054906306,5.556404316375753,3.0221797841812124
1774669950864.0,352.98615290047695,4.241040926869109,3.087947953656544
1774669955870.0,327.6826677456073,3.9172698705360394,3.104136506473198
1774669965868.0,333.796381622136,3.6137625911083946,3.11931187044458
1774669970869.0,390.76096859507317,3.879069341932034,3.106046532903398
1774669980867.0,437.5379051998044,4.856825678319501,3.057158716084025
1774669990866.0,469.36957393699265,5.6111414266598105,3.0194429286670093
1774669995866.0,455.56578601678837,5.565364817811101,3.0217317591094446
1774670005864.0,489.6176783838777,5.586858061680637,3.020657096915968
1774670010870.0,476.82435449786885,5.471406664685115,3.026429666765744
1774670020865.0,746.28004685203,9.826342604504536,2.808682869774773
1774670025867.0,821.872804601363,12.07380929463567,2.6963095352682163
1774670030867.0,861.2848962311232,14.054828406960386,2.5972585796519807
1774670040865.0,939.7991149941707,15.370728990501739,2.531463550474913
1774670050864.0,1015.471307282405,16.633549560609318,2.468322521969534
1774670055870.0,1047.0983210075121,17.51828398677217,2.4240858006613912
1774670060870.0,1109.3657580475697,16.78159016366823,2.460920491816588
1774670070867.0,790.8237200344403,11.2849527496633,2.735752362516835
1774670075868.0,668.5967082895421,9.276637313948108,2.8361681343025946
1774670085866.0,498.99019042967416,6.495596641077445,2.9752201679461274
1774670095865.0,382.3899157415849,4.7971430840816645,3.0601428457959168
1774670100870.0,342.4422422756552,4.316097366590505,3.0841951316704748
1774670110866.0,285.7502629703008,3.6128914596882367,3.119355427015588
1774670115868.0,342.83922774978873,4.261857153306375,3.086907142334681
1774670125867.0,424.47575653614496,5.029342428924525,3.0485328785537735
1774670135865.0,469.6574544108701,5.753488913732413,3.0123255543133793
1774670145863.0,488.42156810910427,6.826007858055844,2.9586996070972074
1774670150864.0,512.0757354185995,6.500420674120741,2.9749789662939627
1774670160868.0,518.3703774452541,6.529661575596177,2.973516921220191
1774670165868.0,673.4338096958102,8.762865362211459,2.861856731889427
1774670170868.0,801.599344999291,10.584359700434948,2.7707820149782525
1774670549993.0,262.0614,2.0,3.29919
1774670555987.0,261.3273,2.0,3.29919
1774670754104.0,249.92824,2.0,3.29919
1774670941291.0,244.02798,2.0,3.29919
1774670952432.0,271.59177,2.0,3.29919
1774670958417.0,124.20854,2.0,3.29919
1774670964487.0,115.80941,2.0,3.29919
1774670992833.0,115.80941,2.0,3.29919
1774671000488.0,130.96368,2.0,3.29919
1774671006433.0,130.17096,2.0,3.29919
1774671012486.0,129.37772,2.0,3.29919
1774671018725.0,168.81996,2.0,3.29919
1774671024486.0,158.39273,2.0,3.29919
1774671030458.0,178.02406,2.0,3.29919
1774671036487.0,130.17096,2.0,3.29919
1774671042453.0,171.89455,2.0,3.29919
1774671048485.0,130.17096,2.0,3.29919
1774671054477.0,130.56738,2.0,3.29919
1774671060486.0,130.17096,2.0,3.29919
1774671066470.0,140.82898,2.0,3.29919
1774671072486.0,143.5771,2.0,3.29919
1774671078478.0,134.91945,2.0,3.29919
1774671084505.0,138.46858,2.0,3.29919
1774671096495.0,134.52444,2.0,3.29919
1774671102564.0,148.27419,2.0,3.29919
1774671108489.0,140.82898,2.0,3.29919
1774671121291.0,146.71043,2.0,3.29919
1774671126563.0,145.53635,2.0,3.29919
1774671132498.0,147.49255,2.0,3.29919
1774671138565.0,144.36116,2.0,3.29919
1774671144507.0,186.03091,2.0,3.29919
1774671150563.0,190.58771,2.0,3.29919
1774671162508.0,156.84109,2.0,3.29919
1774671168521.0,152.17525,2.0,3.29919
1774671174565.0,183.36665,2.0,3.29919
1774671180524.0,190.20847,2.0,3.29919
1774671186564.0,187.5513,2.0,3.29919
1774671192528.0,181.46075,2.0,3.29919
1774671198567.0,182.2234,2.0,3.29919
1774671204534.0,177.25928,2.0,3.29919
1774671210561.0,185.65059,2.0,3.29919
1774671216547.0,184.12834,2.0,3.29919
1774671222544.0,173.04579,2.0,3.29919
1774671228641.0,184.50903,2.0,3.29919
1774671234561.0,183.74753,2.0,3.29919
1774671246561.0,184.12834,2.0,3.29919
1774671252640.0,183.36665,2.0,3.29919
1774671258561.0,181.46075,2.0,3.29919
1774671264639.0,170.74236,2.0,3.29919
1774671270601.0,181.46075,2.0,3.29919
1774671276639.0,178.78845,2.0,3.29919
1774671282601.0,152.5647,2.0,3.29919
1774671288639.0,158.78035,2.0,3.29919
1774671294608.0,164.19543,2.0,3.29919
1774671301344.0,166.50961,2.0,3.29919
1774671306706.0,160.71678,2.0,3.29919
1774671312609.0,181.46075,2.0,3.29919
1774671318646.0,178.02406,2.0,3.29919
1774671324593.0,174.96252,2.0,3.29919
1774671330593.0,177.64172,2.0,3.29919
1774671336640.0,130.17096,2.0,3.29919
1774671360736.0,148.66483,2.0,3.29919
1774671486911.0,135.70903,2.0,3.29919
1774671492666.0,135.3143,2.0,3.29919
1774671516721.0,177.25928,2.0,3.29919
1774671522839.0,55.97006,2.0,3.29919
1774671553122.0,185.27017,2.0,3.29919
1774671558718.0,182.2234,2.0,3.29919
1774671576736.0,153.34326,2.0,3.29919
1774671582792.0,152.95404,2.0,3.29919
1774671588717.0,147.88342,2.0,3.29919
1774671594721.0,166.12419,2.0,3.29919
1774671600736.0,170.74236,2.0,3.29919
1774671606728.0,173.81281,2.0,3.29919
1774671612725.0,168.05028,2.0,3.29919
1774671618732.0,170.74236,2.0,3.29919
1774671625336.0,170.35808,2.0,3.29919
1774671631078.0,166.12419,2.0,3.29919
1774671636786.0,166.89494,2.0,3.29919
1774671642970.0,165.73865,2.0,3.29919
1774671648760.0,167.28015,2.0,3.29919
1774671654927.0,166.12419,2.0,3.29919
1774671661776.0,168.05028,2.0,3.29919
1774671667210.0,166.50961,2.0,3.29919
1774671673052.0,165.73865,2.0,3.29919
1774671678826.0,135.70903,2.0,3.29919
1774671684914.0,138.8623,2.0,3.29919
1774671690776.0,149.83601,2.0,3.29919
1774671696909.0,145.92781,2.0,3.29919
1774671702939.0,148.66483,2.0,3.29919
1774671709399.0,143.5771,2.0,3.29919
1774671714923.0,150.61624,2.0,3.29919
1774671721109.0,182.60457,2.0,3.29919
1774671726899.0,189.44974,2.0,3.29919
1774671732944.0,160.32973,2.0,3.29919
1774671738987.0,182.60457,2.0,3.29919
1774671744920.0,163.42316,2.0,3.29919
1774671751174.0,178.02406,2.0,3.29919
1774671757127.0,179.55246,2.0,3.29919
1774671763053.0,166.50961,2.0,3.29919
1774671781176.0,163.03687,2.0,3.29919
1774671786905.0,161.49059,2.0,3.29919
1774671793050.0,160.71678,2.0,3.29919
1774671798885.0,160.32973,2.0,3.29919
1774671805336.0,165.73865,2.0,3.29919
1774671810971.0,166.89494,2.0,3.29919
1774671816914.0,167.28015,2.0,3.29919
1774671823058.0,170.74236,2.0,3.29919
1774671829200.0,172.66216,2.0,3.29919
1774671835244.0,161.87732,2.0,3.29919
1774671842641.0,164.58139,2.0,3.29919
1774671853261.0,171.89455,2.0,3.29919
1774671859299.0,176.49409,2.0,3.29919
1774671865546.0,174.57939,2.0,3.29919
1774671871485.0,176.87674,2.0,3.29919
1774671877424.0,155.28766,2.0,3.29919
1774671883261.0,153.34326,2.0,3.29919
1774671889303.0,150.61624,2.0,3.29919
1774671907425.0,165.353,2.0,3.29919
1774671913366.0,162.65045,2.0,3.29919
1774671919309.0,162.26395,2.0,3.29919
1774671925350.0,161.49059,2.0,3.29919
1774671937532.0,159.55525,2.0,3.29919
1774671943372.0,158.78035,2.0,3.29919
1774671949517.0,159.16786,2.0,3.29919
1774671955358.0,154.899,2.0,3.29919
1774671961494.0,156.06461,2.0,3.29919
1774671967747.0,157.61713,2.0,3.29919
1774671973596.0,156.06461,2.0,3.29919
1774671979620.0,158.78035,2.0,3.29919
1774671985765.0,159.94255,2.0,3.29919
1774671991496.0,156.84109,2.0,3.29919
1774671997649.0,157.61713,2.0,3.29919
1774672003783.0,159.55525,2.0,3.29919
1774672009726.0,159.16786,2.0,3.29919
1774672015690.0,160.71678,2.0,3.29919
1774672022444.0,162.26395,2.0,3.29919
1774672027501.0,170.74236,2.0,3.29919
1774672033660.0,147.88342,2.0,3.29919
1774672039570.0,146.71043,2.0,3.29919
1774672045463.0,143.96918,2.0,3.29919
1774672051707.0,144.75301,2.0,3.29919
1774672057311.0,149.44574,2.0,3.29919
1774672063382.0,141.22194,2.0,3.29919
1774672069522.0,140.04268,2.0,3.29919
1774672075568.0,144.75301,2.0,3.29919
1774672081751.0,149.83601,2.0,3.29919
1774672087357.0,164.19543,2.0,3.29919
1774672093492.0,160.32973,2.0,3.29919
1774672099652.0,160.71678,2.0,3.29919
1774672105471.0,159.16786,2.0,3.29919
1774672111815.0,163.03687,2.0,3.29919
1774672117621.0,159.55525,2.0,3.29919
1774672123895.0,132.54755,2.0,3.29919
1774672129731.0,152.5647,2.0,3.29919
1774672135785.0,156.45291,2.0,3.29919
1774672141818.0,175.34558,2.0,3.29919
1774672147603.0,176.87674,2.0,3.29919
1774672159840.0,177.64172,2.0,3.29919
1774672165647.0,178.40631,2.0,3.29919
1774672171936.0,179.1705,2.0,3.29919
1774672177972.0,178.78845,2.0,3.29919
1774672183803.0,180.69772,2.0,3.29919
1774672189868.0,179.93431,2.0,3.29919
1774672195907.0,179.1705,2.0,3.29919
1774672208480.0,171.12651,2.0,3.29919
1774672214212.0,182.60457,2.0,3.29919
1774672220157.0,179.1705,2.0,3.29919
1774672226137.0,184.88965,2.0,3.29919
1774672232336.0,183.74753,2.0,3.29919
1774672238069.0,182.98566,2.0,3.29919
1774672246884.0,184.12834,2.0,3.29919
1774672261943.0,153.34326,2.0,3.29919
1774672268074.0,178.40631,2.0,3.29919
1774672274029.0,140.82898,2.0,3.29919
1774672279905.0,137.68079,2.0,3.29919
1774672286006.0,130.56738,2.0,3.29919
1774672291845.0,129.37772,2.0,3.29919
1774672298177.0,131.35985,2.0,3.29919
1774672304116.0,130.56738,2.0,3.29919
1774672309923.0,134.52444,2.0,3.29919
1774672315947.0,132.94319,2.0,3.29919
1774672322194.0,133.3387,2.0,3.29919
1774672328035.0,134.91945,2.0,3.29919
1774672333924.0,176.87674,2.0,3.29919
1774672339862.0,177.25928,2.0,3.29919
1774672346036.0,176.87674,2.0,3.29919
1774672351872.0,160.71678,2.0,3.29919
1774672358088.0,160.32973,2.0,3.29919
1774672363758.0,139.25589,2.0,3.29919
1774672370062.0,140.82898,2.0,3.29919
1774672375897.0,142.79254,2.0,3.29919
1774672383383.0,140.82898,2.0,3.29919
1774672388617.0,141.61478,2.0,3.29919
1774672394348.0,145.92781,2.0,3.29919
1774672400477.0,148.27419,2.0,3.29919
1774672406117.0,146.71043,2.0,3.29919
1774672412081.0,145.53635,2.0,3.29919
1774672418312.0,144.75301,2.0,3.29919
1774672430598.0,147.49255,2.0,3.29919
1774672436138.0,127.78962,2.0,3.29919
1774672442461.0,126.99476,2.0,3.29919
1774672466440.0,135.70903,2.0,3.29919
1774672472167.0,137.68079,2.0,3.29919
1774672480855.0,158.269352585876,1.826476087817904,3.2086761956091046
1774672490852.0,171.87057087665,1.6964626520246542,3.215176867398767
1774672495859.0,183.04560134367696,1.6492152450211912,3.2175392377489405
1774672505857.0,190.41669401040576,1.7150960748849071,3.2142451962557543
1774672515854.0,191.47929710056252,1.9946475798061871,3.2002676210096905
1774672520856.0,200.32767759971176,1.898470656258717,3.205076467187064
1774672525856.0,240.6315029158524,2.5250488341978814,3.173747558290106
1774672535852.0,369.2260471636909,3.983339978530875,3.100833001073456
1774672545852.0,425.0480032656823,4.9948102002837995,3.0502594899858098
1774672550859.0,421.9006365808647,5.791163927475057,3.010441803626247
1774672560856.0,444.5301331756238,5.691302653674155,3.015434867316292
1774672565856.0,439.0241247946394,5.470568468074138,3.026471576596293
1774672570856.0,461.7346669953955,5.619745357839424,3.0190127321080285
1774672580852.0,718.433033648561,9.270351093971515,2.836482445301424
1774672585853.0,820.2279688396153,10.184373110303705,2.7907813444848144
1774672595858.0,978.5909069111091,12.64954717124889,2.6675226414375555
1774672600858.0,1061.508162992498,13.771815845977567,2.6114092077011213
1774672610856.0,1135.8989313383568,13.89707608590509,2.6051461957047453
1774672620854.0,1134.4928988617146,14.80403019727757,2.5597984901361213
1774672625854.0,955.3470322369681,12.416401566335816,2.679179921683209
1774672635853.0,671.1611069701898,8.836516110528892,2.858174194473555
1774672645858.0,502.49575731100754,6.4820344877081695,2.9758982756145915
1774672650858.0,437.1229297930433,5.686370760690898,3.015681461965455
1774672660856.0,349.4086137234083,4.31457808317304,3.084271095841348
1774672670854.0,297.5553291579829,3.2079723184934843,3.1396013840753256
1774672680852.0,401.1376453377803,3.638508951727631,3.1180745524136184
1774672690852.0,464.29032059894047,4.322787413653481,3.083860629317326
1774672695857.0,509.4288814574673,4.6195726084670135,3.069021369576649
1774672705857.0,538.3848447485727,5.422202435284298,3.028889878235785
1774672710857.0,519.2314838329675,5.75228807185767,3.0123855964071162
1774672720854.0,512.9117730149503,6.09971134163152,2.995014432918424
1774672730852.0,793.6887984541706,11.005903733985335,2.749704813300733
1774672735852.0,860.3918448443067,11.358606560523494,2.732069671973825
1774672740853.0,891.951006329933,12.582667874310776,2.670866606284461
1774672745856.0,985.6960689814391,13.556593598745623,2.6221703200627187
1774672754533.0,185.27017,2.0,3.29919
1774672760612.0,166.89494,2.0,3.29919
1774672766361.0,186.03091,2.0,3.29919
1774672776518.0,369.1254170661621,4.581073258964537,3.070946337051773
1774672781525.0,512.1489483344661,7.866310458393338,2.906684477080333
1774672791524.0,799.609253439745,12.013122610385606,2.6993438694807192
1774672801520.0,719.1665154559898,11.00901966300324,2.749549016849838
1774672806522.0,611.8314153406141,9.132889270855529,2.8433555364572234
1774672816520.0,464.2106198314498,6.526416351846983,2.9736791824076505
1774672826518.0,360.47042677152047,4.793578829729047,3.0603210585135474
1774672831523.0,332.6643650740333,4.316618865744137,3.084169056712793
1774672836524.0,311.5419552037665,3.830761466734863,3.1084619266632565
1774672846522.0,257.82728098109175,3.3363412112484645,3.1331829394375768
1774672856521.0,353.04690153250306,4.381284806694596,3.08093575966527
1774672861521.0,421.40778147346555,4.952348716196681,3.052382564190166
1774672871519.0,478.58534340408755,4.896676531181867,3.0551661734409064
1774672881519.0,460.60060792748715,5.316506002026054,3.034174699898697
1774672886525.0,479.16426240748797,5.559916470874191,3.0220041764562904
1774672896522.0,510.78082211819765,5.691786595896517,3.015410670205174
1774672901522.0,652.1063823655609,8.505334839381863,2.874733258030907
1774672911521.0,884.4516330679262,12.288618926564101,2.6855690536717947
1774672921519.0,975.9064245970073,13.867856674325363,2.6066071662837316
1774672926558.0,1036.651281839907,15.07980569748331,2.5460097151258343
1774672936524.0,1146.1798799507153,16.96281574616847,2.451859212691576
1774672946523.0,1160.3822626239337,16.938040256016926,2.4530979871991536
1774672956522.0,815.4885420067783,11.547461819063097,2.722626909046845
1774672966519.0,607.5138028032777,8.022264654813828,2.8988867672593086
1774672971519.0,516.9983854628841,6.886315785094248,2.9556842107452876
1774672981525.0,405.0197305834354,4.878694526172286,3.0560652736913854
1774672991522.0,328.5452639804963,3.7092855772672877,3.1145357211366353
1774672996522.0,297.4128713655133,3.4244576831524673,3.1287771158423765
1774673006520.0,368.03701965545315,4.968207951614103,3.0515896024192948
1774673011520.0,422.9555033450045,5.218793770802424,3.0390603114598784
1774673021518.0,479.01812137780297,5.492824086723519,3.025358795663824
1774673031523.0,487.6418553655248,6.359074577357828,2.9820462711321083
1774673041521.0,477.9189531623256,6.217242790100884,2.9891378604949557
1774673046521.0,482.4469793217748,6.615085400611239,2.9692457299694377
1774673051521.0,665.4780231527523,9.616837291558978,2.8191581354220507
1774673061519.0,851.5896435434493,11.910795245012164,2.704460237749392
1774673066520.0,922.7280275284822,13.04951998675031,2.647524000662484
1774673076518.0,986.9258177933255,15.757158955054566,2.5121420522472713
1774673081524.0,989.9225389729821,16.705493382542638,2.464725330872868
1774673091523.0,1058.3233422654398,15.945953464594623,2.502702326770269
1774673101520.0,930.1211242180233,13.245078738491559,2.6377460630754217
1774673111520.0,666.3627047812788,9.084572937572176,2.845771353121391
1774673121518.0,502.4301950430333,6.6165532710524335,2.969172336447378
1774673126522.0,432.31055273431934,5.810101569116272,3.0094949215441864
1774673136522.0,351.64232803922704,4.615935768781251,3.069203211560937
1774673146520.0,294.97937121111835,3.708820765707439,3.1145589617146276
1774673151521.0,361.6376493702468,4.761473186217707,3.0619263406891144
1774673161518.0,396.38980994607505,5.722222649572481,3.0138888675213757
1774673166518.0,432.60393668950434,6.1782231771635825,2.9910888411418206
1774673171525.0,442.4254478259488,6.185187736158935,2.9907406131920533
1774673181523.0,475.2907861550382,6.7464849365074375,2.962675753174628
1774673186523.0,516.5672320571017,6.836808878781148,2.9581595560609424
1774673196520.0,552.4676127150274,6.655960524406432,2.9672019737796784
1774673201521.0,642.9150310151676,8.05232461272193,2.8973837693639033
1774673211518.0,862.7384219326211,9.904411941006476,2.804779402949676
1774673216525.0,946.8520774550923,11.02495565536405,2.7487522172317975
1774673226523.0,1086.0397369617042,12.879345575939661,2.6560327212030166
1774673231524.0,1111.8019484707415,13.812091155937464,2.6093954422031267
1774673241521.0,1184.177508506168,15.91334996969405,2.5043325015152975
1774673246521.0,1183.2431782228728,15.627284792540516,2.518635760372974
1774673256518.0,827.2740716368946,10.69722936704933,2.7651385316475334
1774673261519.0,709.6040984050846,9.025420575381299,2.8487289712309347
1774673266524.0,603.279006883485,7.612166588841708,2.919391670557914
1774673271524.0,515.3935079532604,6.41038986321058,2.979480506839471
1774673281522.0,396.8445787851797,4.880122055051156,3.055993897247442
1774673291521.0,328.01976083186037,3.6380999840975052,3.1180950007951247
1774673301517.0,335.7746256870956,4.17901324820137,3.0910493375899315
1774673306519.0,355.9121243620585,4.813171843657184,3.059341407817141
1774673311525.0,387.5240474569883,5.218052866064785,3.0390973566967605
1774673321523.0,464.8135925961461,5.20021200489645,3.0399893997551772
1774673331521.0,508.8575442571758,6.036035024645655,2.998198248767717
1774673336522.0,517.3582413230328,6.36693555753477,2.9816532221232612
1774673346518.0,564.3084289430648,6.433650146694774,2.978317492665261
1774673351520.0,712.5045984503968,7.5838801644749205,2.9208059917762537
1774673361519.0,852.6405659390505,9.981454919844072,2.8009272540077963
1774673366520.0,925.5034865715343,11.257833122675205,2.7371083438662396
1774673371523.0,982.1902383358279,12.276409161227912,2.6861795419386043
1774673381522.0,1033.3363243224317,12.994250517634482,2.650287474118276
1774673386522.0,1096.2176933768221,14.760343562504728,2.5619828218747633
1774673396520.0,1134.9287885865876,15.280743384161092,2.535962830791945
1774673406518.0,800.7613144055383,10.263642486420146,2.7868178756789925
1774673411524.0,684.9498295450092,8.61819706108117,2.869090146945941
1774673416524.0,586.7200921193153,7.171282969870808,2.9414358515064594
1774673426523.0,446.22039009091486,5.405264041122225,3.0297367979438885
1774673436519.0,352.43939987305873,4.153876169943309,3.0923061915028343
1774673441520.0,320.67436373775433,3.90359338663835,3.1048203306680824
1774673451518.0,333.2795798944537,4.527253832501245,3.0736373083749378
1774673456523.0,348.8740141246692,4.749173611557979,3.0625413194221007
1774673466523.0,388.4469923736886,4.959456705589014,3.052027164720549
1774673476521.0,469.7376738194288,4.957536345134353,3.052123182743282
1774673481521.0,486.45951371804176,5.649018542796693,3.0175490728601653
1774673491519.0,496.99724638575435,6.552145860509714,2.972392706974514
1774673496519.0,520.0358683811631,6.573187410189732,2.971340629490513
1774673501526.0,652.509239445264,8.916359660539223,2.8541820169730387
1774673511523.0,865.2512272494213,13.329688449697464,2.6335155775151264
1774673521523.0,952.0545965323307,15.440137283329445,2.5279931358335275
1774673531521.0,1034.886466818653,15.893214529758685,2.5053392735120656
1774673541520.0,1107.805393057729,16.35027758042421,2.4824861209787894
1774673551525.0,933.8939313690906,14.392708704603736,2.580364564769813
1774673561524.0,666.8748949812402,10.004272355627297,2.799786382218635
1774673571522.0,492.4209098307422,7.138752370610275,2.943062381469486
1774673576522.0,431.3042483366685,6.248402190951049,2.987579890452447
1774673586520.0,342.4651878910007,4.827377009180363,3.0586311495409815
1774673596525.0,283.91468805725754,4.04239593471749,3.0978802032641255
1774673606520.0,347.2274301573734,4.8066697998802494,3.059666510005987
1774673611523.0,395.0801043111973,5.457990245422909,3.0271004877288545
1774673621522.0,418.6962179964172,5.94783062729068,3.002608468635466
1774673631521.0,482.7357302794761,5.661278229965253,3.0169360885017373
1774673641518.0,556.9767495956003,6.310302098857434,2.984484895057128
1774673646519.0,538.7371579198212,6.824305562586279,2.958784721870686
1774673651525.0,685.3904384163251,8.1612341011222,2.89193829494389
1774673661523.0,863.022969265363,11.312465854830233,2.7343767072584884
1774673671522.0,1031.0005296832203,13.183274129926362,2.6408362935036815
1774673681517.0,1059.0701709237364,13.845167555544958,2.607741622222752
1774673686519.0,1067.4668978511586,13.741298498746978,2.612935075062651
1774673691519.0,1061.541739038452,14.647693334639577,2.567615333268021
1774673696525.0,1072.6103399666597,14.877145602830964,2.5561427198584514
1774673701525.0,899.6539346154943,12.18202003466362,2.6908989982668188
1774673711522.0,653.1778825248834,8.51326502605134,2.874336748697433
1774673716522.0,563.0508913990961,7.370210412135835,2.931489479393208
1774673726519.0,426.13980557271645,5.329945997285768,3.0335027001357115
1774673731519.0,371.2573741827646,4.74582499395038,3.062708750302481
1774673741525.0,322.9566788265791,3.7540944140153503,3.112295279299232
1774673751523.0,326.77028310504727,3.6001819405201374,3.119990902973993
1774673756524.0,365.6090685368127,4.527732115932493,3.073613394203375
1774673766519.0,460.73783912714964,5.248612257560677,3.037569387121966
1774673771521.0,505.5096390522827,5.81283663039307,3.0093581684803463
1774673776521.0,497.08809259539186,6.054187855144717,2.997290607242764
1774673786519.0,533.796205756698,5.743763680986616,3.012811815950669
1774673796523.0,548.1856308866713,6.243977973404042,2.9878011013297976
1774673806522.0,817.6418412693828,10.059138914624967,2.7970430542687517
1774673811523.0,873.048221015682,11.10400847897152,2.744799576051424
1774673821521.0,924.1490350096284,13.156327414442353,2.642183629277882
1774673831519.0,1028.13114102905,14.763004345919708,2.5618497827040145
1774673836520.0,1029.9970454473337,15.179083551011104,2.5410458224494445
1774673841523.0,1095.038776210254,15.355839142257135,2.532208042887143
1774673846525.0,1093.9053147226164,15.812425108326103,2.5093787445836946
1774673856520.0,762.4933879874636,10.760514439710036,2.761974278014498
1774673861522.0,656.9206426888659,9.0281606408209,2.8485919679589546
1774673871521.0,499.9951638280238,6.415647804728923,2.9792176097635537
1774673881518.0,394.3018313444827,4.594876072526163,3.0702561963736916
1774673886523.0,363.01648171352696,4.083565710742925,3.0958217144628537
1774673891524.0,323.62740270049284,3.6502196063799897,3.1174890196810003
1774673901521.0,339.6064212684144,3.491225119406467,3.1254387440296765
1774673906522.0,352.75315174059386,4.440502355978227,3.0779748822010884
1774673916521.0,417.93059019997827,5.192383933527053,3.040380803323647
1774673926520.0,445.56882051615537,5.608043403523741,3.019597829823813
1774673936526.0,459.37995200449785,6.105666396470173,2.994716680176491
1774673946522.0,475.89229589174334,5.6573455248037385,3.017132723759813
1774673951523.0,636.3667991943028,8.120388464128709,2.8939805767935645
1774673961521.0,888.0653945267693,11.898124633154413,2.7050937683422793
1774673966521.0,930.9670145238786,13.788517802688855,2.6105741098655573
1774673976520.0,1077.4058632715905,15.660176772507926,2.5169911613746034
1774673981526.0,1106.2891870773387,16.1947482169882,2.49026258915059
1774673991524.0,1175.573858680091,15.784636963146797,2.51076815184266
1774674001522.0,1020.7991402900865,13.44693579700402,2.627653210149799
1774674006522.0,853.211874349902,11.202482272439763,2.7398758863780115
1774674016519.0,625.656925589961,7.948299411631377,2.902585029418431
1774674021520.0,542.3290267448442,6.638018513169213,2.968099074341539
1774674031521.0,431.7943618179778,4.946641606474766,3.0526679196762614
1774674041522.0,349.788011459486,4.046763117211127,3.0976618441394432
1774674051521.0,352.8672307457756,3.7059363792135978,3.11470318103932
1774674061520.0,437.68349638401713,4.884966585891523,3.0557516707054235
1774674066520.0,484.6699886300941,5.456089368135873,3.027195531593206
1774674076518.0,508.317554450805,5.907871639897195,3.00460641800514
1774674081518.0,539.4108867536349,5.722791798614374,3.013860410069281
1774674086524.0,562.5658797850938,6.170383539420897,2.991480823028955
1774674096523.0,537.5321474811544,6.574364916150148,2.9712817541924923
1774674106520.0,798.5621345721239,10.089422795932137,2.795528860203393
1774674111520.0,882.9406190378454,12.049287733584636,2.6975356133207677
1774674121518.0,1051.3087469891227,14.062621605825612,2.596868919708719
1774674126519.0,1066.9913151910519,13.95276114943533,2.6023619425282334
1774674131524.0,1085.9931123002048,14.299263880542355,2.585036805972882
1774674141523.0,1130.8702153486329,15.277948699580396,2.53610256502098
1774674151521.0,957.0058210230783,13.40847363827387,2.6295763180863063
1774674156521.0,797.388472841477,10.993857476940462,2.750307126152977
1774674166519.0,580.8788985760572,7.9701160493339085,2.9014941975333044
1774674176519.0,439.2291074094134,5.589631291019626,3.0205184354490187
1774674181524.0,394.63488400551796,4.904530982179919,3.054773450891004
1774674191522.0,321.4313225333693,3.8149365897390672,3.1092531705130466
1774674201520.0,339.45618204483804,4.175853098437959,3.091207345078102
1774674206520.0,359.5809448969444,4.967994061062611,3.0516002969468694
1774674216519.0,383.2938578869094,5.442186948419772,3.0278906525790115
1774674226524.0,472.6685841326688,5.969031126541397,3.00154844367293
1774674236518.0,519.8373066390274,6.082980872570045,2.9958509563714975
1774674241522.0,551.1201394466989,6.548424143182921,2.972578792840854
1774674246522.0,550.7225224313978,6.0708686729242896,2.9964565663537854
1774674256521.0,739.4368125446923,11.038537533159701,2.7480731233420146
1774674266518.0,920.2480985308694,12.987206399412948,2.6506396800293524
1774674271525.0,954.4091737105783,12.807682820041045,2.6596158589979475
1774674281523.0,1058.7736144687133,13.67017158219405,2.616491420890297
1774674286523.0,1122.9454964591457,13.46577033344426,2.626711483327787
1774674296521.0,1163.4135318764484,15.322028938793872,2.533898553060306
1774674301521.0,968.2743481936427,12.529949113267726,2.6735025443366136
1774674311519.0,700.3689122127196,8.772792626531869,2.8613603686734064
1774674316526.0,596.703203328036,7.526919715078208,2.9236540142460896
1774674326517.0,458.3332060244928,5.562763683225722,3.021861815838714
1774674331520.0,397.4953820654762,4.718750900560038,3.0640624549719977
1774674336521.0,356.7257979401512,4.236202410181189,3.0881898794909404
1774674341521.0,322.39393095004476,3.814707361412194,3.10926463192939
1774674351518.0,377.06900051967995,4.186831665572958,3.090658416721352
1774674356519.0,423.0274310347106,4.176471012756391,3.0911764493621803
1774674366519.0,472.1828582916792,5.034585955544853,3.0482707022227573
1774674371522.0,461.9439403529483,5.384456255034406,3.0307771872482796
1774674381524.0,505.5020331583046,6.007497537627443,2.9996251231186277
1774674391521.0,533.7061175925668,5.44570507496389,3.0277147462518053
1774674401519.0,643.7054497863044,6.802070974179841,2.9598964512910078
1774674406519.0,748.8460500284415,9.582925899801474,2.820853705009926
1774674411524.0,850.6716934840033,11.524540924856638,2.7237729537571678
1774674416524.0,882.3284224620401,13.052589543758465,2.6473705228120767
1774674426524.0,974.8195923330488,14.195875632155223,2.5902062183922387
1774674436519.0,1088.4831494852347,14.246090555861771,2.587695472206911
1774674441522.0,1147.7537212685852,15.450797650594454,2.527460117470277
1774674451520.0,977.5396048755287,12.64437523563739,2.6677812382181303
1774674461519.0,698.9605848709651,8.804179003676076,2.859791049816196
1774674466524.0,604.611203132643,7.54151447073106,2.922924276463447
1774674471524.0,529.2036299618726,6.490897421747701,2.975455128912615
1774674481521.0,413.00799582163677,5.179707597765915,3.041014620111704
1774674486521.0,363.75466562921287,4.59207776835492,3.070396111582254
1774674496519.0,303.63416215087295,3.5340773933304135,3.123296130333479
1774674501519.0,356.0153652887391,3.838087520863687,3.1080956239568156
1774674506525.0,377.59915838254017,3.929784381095137,3.103510780945243
1774674516523.0,439.1691527224169,4.934072916155306,3.0532963541922347
1774674526523.0,513.75681596497,5.7356257521306935,3.0132187123934653
1774674536519.0,503.14341723358257,6.702065927967654,2.964896703601617
1774674541520.0,504.97770306646123,6.180184832552636,2.990990758372368
1774674551518.0,665.262938758298,8.45074397899937,2.877462801050031
1774674556519.0,749.7985685747848,10.278225269979087,2.7860887365010454
1774674561522.0,858.1967551260663,11.57149228680323,2.7214253856598383
1774674566525.0,949.1336978425614,13.116285958948719,2.644185702052564
1774674576522.0,1021.4897770300774,14.323123713083302,2.5838438143458347
1774674586520.0,1082.8650398223426,14.949118700534667,2.5525440649732665
1774674591520.0,1107.947133886265,15.259542767410963,2.5370228616294517
1774674601519.0,937.954946652139,12.917771208531345,2.6541114395734327
1774674606525.0,791.7383743982739,10.67532671262476,2.766233664368762
1774674616524.0,589.3800770331023,7.637274108772928,2.9181362945613536
1774674626522.0,457.8460972396365,5.543109006315332,3.0228445496842333
1774674631523.0,411.0261433598111,5.020230891438198,3.04898845542809
1774674641519.0,338.4047831599938,3.9827378790682104,3.100863106046589
1774674651525.0,335.89339845533823,4.344635391602633,3.0827682304198682
1774674661523.0,434.16303791634937,4.948934593991252,3.052553270300437
1774674666523.0,429.0938845115329,5.212116114047492,3.0393941942976253
1774674671523.0,451.72491113356665,5.793796133734499,3.0103101933132748
1774674681520.0,506.72522724451386,6.743944000402619,2.962802799979869
1774674686520.0,544.1584153866572,6.355022021760491,2.9822488989119753
1774674696519.0,557.5206910927602,6.670582407181421,2.9664708796409287
1774674701519.0,717.8273393662807,8.95274885487241,2.852362557256379
1774674706522.0,794.8509243786846,9.685765810256287,2.8157117094871853
1774674711524.0,902.4923737266297,10.192374080597386,2.7903812959701306
1774674721523.0,1019.7433675110217,13.02971563723346,2.6485142181383265
1774674731521.0,1108.4226181472097,16.207993849479426,2.4896003075260285
1774674741518.0,1090.5663254679191,17.855482404676223,2.4072258797661887
1774674746519.0,1101.7526798221038,18.174604885720093,2.3912697557139952
1774674751522.0,912.3302164248598,14.899325944685211,2.5550337027657393
1774674756524.0,768.2497999718083,12.138957761261281,2.693052111936936
1774674766522.0,565.0196439566043,8.588254504040439,2.8705872747979777
1774674771522.0,501.2491080554933,7.278834786304209,2.9360582606847894
1774674776522.0,446.495256006165,6.099884241834516,2.995005787908274
1774674786519.0,366.2859744168866,4.890389425588508,3.055480528720574
1774674796524.0,312.35181875570964,3.539443802664808,3.1230278098667594
1774674806522.0,402.15123225725233,5.357893619712295,3.032105319014385
1774674816522.0,424.1917488126166,5.786960782367286,3.0106519608816353
1774674826521.0,454.69072868700806,5.631163462579359,3.018441826871032
1774674836519.0,505.56740145247807,5.688984509410607,3.0155507745294696
1774674846524.0,531.4317991006592,5.565977139327664,3.0217011430336167
1774674856524.0,745.687015741825,8.686747614508027,2.865662619274598
1774674866521.0,929.7938665530575,11.310816027432775,2.734459198628361
1774674871522.0,1022.4210021047985,13.070529936996483,2.6464735031501756
1774674881520.0,1085.02227836962,14.562506127517711,2.5718746936241144
1774674891516.0,1097.4076337562858,16.726329497843754,2.463683525107812
1774674896525.0,1140.766925205924,16.815619604851786,2.4592190197574104
1774674906522.0,791.2901469356136,11.686828157386502,2.7156585921306746
1774674911523.0,680.9393044437966,9.572978175171912,2.821351091241404
1774674921519.0,522.6364449420588,6.839694731582371,2.958015263420881
1774674926521.0,449.2363565958359,5.900263197107373,3.0049868401446314
1774674936519.0,352.34844212666707,4.448472761873965,3.0775763619063015
1774674941524.0,320.09492422401814,3.843328554403699,3.107833572279815
1774674951523.0,370.1620616074712,3.7641255296119738,3.1117937235194013
1774674961521.0,438.4519291017509,4.694313342725739,3.0652843328637127
1774674971519.0,500.4018296656928,6.130890796625106,2.9934554601687444
1774674976520.0,517.4484945475888,6.141516431912731,2.992924178404363
1774674986525.0,555.3380945949264,5.538198646877696,3.023090067656115
1774674996522.0,548.1731999445867,5.818134629599902,3.009093268520005
1774675001523.0,661.9861753633677,8.695013439911378,2.865249328004431
1774675011522.0,858.3710840363922,13.249012242749718,2.637549387862514
1774675021520.0,1005.3188112140916,15.33088517835028,2.5334557410824856
1774675026520.0,1082.4089441654487,16.06328956430186,2.4968355217849068
1774675036526.0,1109.2896968406578,16.21929257450072,2.489035371274964
1774675046519.0,1193.870074744883,15.184056944276424,2.540797152786179
1774675051524.0,1002.994768245206,12.59817596116812,2.670091201941594
1774675061521.0,722.8189315762156,8.907266074305355,2.8546366962847323
1774675066521.0,622.9177079038041,7.591907037874477,2.9204046481062758
1774675076520.0,470.79101061958426,5.414193688073673,3.0292903155963162
1774675086523.0,383.7266517422917,4.260585495222751,3.0869707252388623
1774675091523.0,353.48657688863733,3.900925093543086,3.1049537453228453
1774675101521.0,367.92946622751435,3.8985153752687016,3.1050742312365647
1774675111519.0,418.01619076078606,5.4975052184648625,3.0251247390767566
1774675116520.0,434.86937769965505,6.106818539401393,2.99465907302993
1774675126519.0,489.435740954943,6.4861609731607395,2.975691951341963
1774675136523.0,502.20002807881673,6.6165605966806895,2.9691719701659656
1774675146522.0,537.0458439134247,6.062574181742502,2.9968712909128747
1774675156521.0,778.6347721581639,10.855610602168957,2.757219469891552
1774675166520.0,930.5049183714478,14.22752130810118,2.5886239345949407
1774675171521.0,1006.5415878432896,13.806159619274165,2.6096920190362916
1774675181518.0,1045.3000865217455,15.918929786154482,2.504053510692276
1774675186524.0,1105.8000551125394,15.807147797593993,2.5096426101203
1774675196522.0,1197.2677998313543,15.782551823373291,2.510872408831335
1774675206521.0,847.9129872863524,10.729185128131743,2.7635407435934125
1774675216519.0,616.9563063260788,7.571885028460221,2.921405748576989
1774675221519.0,539.5972944509933,6.5558034572265225,2.9722098271386734
1774675231524.0,407.9024787757003,4.926133161349884,3.0536933419325054
1774675241522.0,336.55212231662466,3.9345569406336187,3.103272152968319
1774675246522.0,311.8506141986713,3.3531222498306903,3.1323438875084655
1774675256521.0,362.6061214507406,4.238957180616713,3.088052140969164
1774675266518.0,446.52623841867427,4.38083324676087,3.0809583376619565
1774675271524.0,478.23753322648935,4.863874141568045,3.0568062929215976
1774675276525.0,518.0278962537911,5.131656802265652,3.043417159886717
1774675286522.0,542.771131406239,5.123749155123334,3.043812542243833
1774675296523.0,496.38686551518225,5.634884410243888,3.0182557794878053
1774675306519.0,792.2429999620315,10.603674327191877,2.769816283640406
1774675311520.0,848.2880487952355,12.114221226855635,2.694288938657218
1774675321524.0,1027.3549782262196,15.173800815638483,2.5413099592180757
1774675326525.0,1050.110869957952,15.1065973127383,2.5446701343630846
1774675336522.0,1100.554131430602,15.091945357790175,2.545402732110491
1774675341522.0,1145.9546299600229,15.128630869225212,2.5435684565387393
1774675351521.0,933.2785848930985,13.064584632533254,2.646770768373337
1774675361518.0,665.8749936052936,9.277589255297599,2.8361205372351197
1774675366518.0,576.583054965859,7.701601876848723,2.9149199061575635
1774675371521.0,498.308088213069,6.362103137776816,2.981894843111159
1774675376522.0,434.84575838304,5.668077685681137,3.016596115715943
1774675381523.0,389.7846965754595,4.853844895382308,3.0573077552308843
1774675391520.0,310.32033534003153,4.122862708875396,3.09385686455623
1774675396522.0,297.3954535399786,3.683212654534186,3.1158393672732907
1774675406519.0,410.2672669491784,4.488955334772524,3.075552233261374
1774675416519.0,445.273055792258,5.798943220041394,3.01005283899793
1774675421524.0,478.9668460750309,6.347867553835274,2.982606622308236
1774675426524.0,507.5843816386391,6.148510992260823,2.9925744503869587
1774675436521.0,552.4206946707444,6.8554732923371535,2.957226335383142
1774675441522.0,533.8096703816828,6.926802639479044,2.9536598680260475
1774675451521.0,667.3172903432999,9.518576099383615,2.824071195030819
1774675461519.0,835.161937033327,13.311001925487666,2.6344499037256166
1774675466519.0,928.3404327203319,14.617132093366292,2.569143395331685
1774675471526.0,979.7375238284536,15.417821004464487,2.5291089497767754
1774675481523.0,1069.4190246748533,17.198303328503023,2.440084833574849
1774675491520.0,1145.0049856269218,16.49856577586941,2.4750717112065295
1774675496521.0,1162.8904264983912,17.3757408614438,2.43121295692781
1774675506520.0,822.5189702301025,11.94871506850619,2.70256424657469
1774675516519.0,611.7780774482114,8.55342372156662,2.8723288139216687
1774675521525.0,533.120836007595,7.228322913430528,2.9385838543284732
1774675531523.0,414.3244001869844,5.636660095035332,3.018166995248233
1774675541519.0,342.88773575460675,4.612298242328414,3.069385087883579
1774675546520.0,304.6416433993163,4.250046681460658,3.087497665926967
1774675556519.0,380.90382892772453,5.293509071712194,3.0353245464143903
1774675561519.0,387.2069848462449,5.934799811544714,3.003260009422764
1774675566522.0,431.5387820904785,6.2854438651974,2.9857278067401296
1774675571525.0,476.03579586599,5.916615380667547,3.0041692309666224
1774675581522.0,524.2613386538351,5.705472911095175,3.014726354445241
1774675591520.0,517.4724508631391,6.452748442662813,2.977362577866859
1774675596520.0,518.5245432169777,6.28052085565711,2.985973957217144
1774675601520.0,663.0932999674599,9.24743954245698,2.837628022877151
1774675611523.0,810.4607686965979,11.48701332171913,2.7256493339140433
1774675616524.0,906.6044874358638,11.84913139910068,2.7075434300449657
1774675626523.0,1055.253401661487,14.498838764342233,2.575058061782888
1774675636522.0,1098.5280549412648,14.542114561497803,2.5728942719251098
1774675646519.0,1150.2690518664153,15.0964426770081,2.5451778661495945
1774675651519.0,959.0823477092872,12.60604737288716,2.6696976313556418
1774675656521.0,801.7699671024758,10.541365620746763,2.7729317189626617
1774675661524.0,671.9900036239908,8.825682678183094,2.858715866090845
1774675671519.0,486.3458785060478,6.436767099369255,2.978161645031537
1774675676522.0,438.27609935922845,5.699840292440696,3.015007985377965
1774675681522.0,382.6520908884838,4.988030965656257,3.050598451717187
1774675691520.0,314.96971420389394,3.890889615608578,3.105455519219571
1774675701518.0,319.7763676076083,4.111018906467862,3.094449054676607
1774675706525.0,384.3466861309507,5.029946115912223,3.0485026942043887
1774675716524.0,472.1265825705992,6.027929211305415,2.998603539434729
1774675726522.0,472.4217747313555,6.208033790190834,2.989598310490458
1774675731522.0,477.9156009413238,6.3575720055502964,2.982121399722485
1774675741520.0,508.04365804311954,6.165304025920567,2.9917347987039715
1774675746520.0,532.021002374456,6.182404664209315,2.990879766789534
1774675756525.0,813.1285308419178,10.704653396480168,2.7647673301759914
1774675766524.0,982.3525776273254,13.971757927779626,2.6014121036110183
1774675776521.0,1117.4800159824244,15.02878042671588,2.548560978664206
1774675781521.0,1164.0278185465675,15.852078769370104,2.5073960615314945
1774675786521.0,1134.4854738231113,15.11363617959747,2.5443181910201265
1774675796519.0,1190.1064744330204,16.575902391990656,2.471204880400467
1774675801519.0,988.145500852316,13.582377957933755,2.6208811021033123
1774675806524.0,822.7906310924548,11.087452222722852,2.7456273888638574
1774675811524.0,704.4978420470543,9.108746206370302,2.8445626896814846
1774675821522.0,532.9878602558214,6.534111000859273,2.973294449957036
1774675826522.0,457.89190753270935,5.714808824077452,3.014259558796127
1774675836520.0,352.765380912345,4.334573347232354,3.083271332638382
1774675846526.0,288.5917368348375,3.6245513577414625,3.1187724321129267
1774675856523.0,399.75708632968343,5.034741234828962,3.0482629382585515
1774675866521.0,447.84642263624283,5.885357509944308,3.0057321245027846
1774675871521.0,475.79741044241626,6.3910933857008505,2.980445330714957
1774675881521.0,470.2702913526326,6.780031814709933,2.960998409264503
1774675891519.0,520.2762278306809,7.158000994210644,2.9420999502894674
1774675896519.0,497.12222682085417,6.8766188582001435,2.956169057089993
1774675901524.0,634.0858961982851,9.671549765633934,2.816422511718303
1774675906524.0,757.9397849417519,11.159906688695019,2.742004665565249
1774675916522.0,947.3609463238859,14.064702658974529,2.5967648670512733
1774675926520.0,1083.4443278885965,14.572221929833173,2.5713889035083413
1774675931521.0,1145.1569764427516,15.78193031463755,2.5109034842681224
1774675941519.0,1220.1201495848543,17.019877437187557,2.449006128140622
1774675946524.0,1215.1995400054677,17.42204132920076,2.428897933539962
1774675956524.0,849.9602393292918,11.980983382398328,2.7009508308800836
1774675966523.0,617.5136286069342,8.493895237886013,2.875305238105699
1774675976519.0,462.24604225794826,6.301346956315888,2.9849326521842054
1774675986518.0,371.5509944153703,4.765422983204476,3.061728850839776
1774675991525.0,340.53870918137716,4.01340057993984,3.0993299710030078
1774676001523.0,368.87397702788365,4.398659542664756,3.080067022866762
1774676011522.0,404.8821835916581,4.5273138265808575,3.073634308670957
1774676021521.0,460.5764731576234,5.414251269405963,3.029287436529702
1774676031520.0,467.2902943657515,6.464253251639308,2.9767873374180343
1774676041519.0,483.7394731078223,6.830726595072433,2.958463670246378
1774676046524.0,489.2862263337695,6.955561354279988,2.952221932286
1774676056523.0,776.6298358901902,9.684748272762208,2.815762586361889
1774676066522.0,970.1297146672416,10.660538057368413,2.7669730971315794
1774676076519.0,1073.0765374572504,14.496449695526541,2.5751775152236727
1774676081519.0,1076.9168680607645,14.831982141490531,2.5584008929254733
1774676091524.0,1122.415660727526,16.213837871299663,2.4893081064350167
1774676096525.0,1156.2529876690044,16.70941262361419,2.4645293688192904
1774676106523.0,818.7517691759562,11.238379743623868,2.7380810128188062
1774676111523.0,688.2307231825176,9.586906025194478,2.8206546987402756
1774676121520.0,507.89097965522814,7.1794676059306175,2.941026619703469
1774676126520.0,449.32664495828556,6.322102309621036,2.983894884518948
1774676136520.0,357.11641621774123,4.652673888568257,3.067366305571587
1774676146530.0,309.9933864706052,3.5624233998419834,3.121878830007901
1774676156520.0,362.0615158271017,4.744349522431545,3.0627825238784228
1774676161520.0,418.3191722303484,4.876635272632071,3.0561682363683964
1774676166521.0,472.15068706674873,5.342897505230187,3.0328551247384903
1774676176518.0,488.16578639313036,5.124946214821953,3.043752689258902
1774676181518.0,530.3737948053375,5.618600643251829,3.0190699678374084
1774676186525.0,554.8270744754154,5.965666602971362,3.0017166698514317
1774676196523.0,588.9046934406211,6.130985210806813,2.993450739459659
1774676201523.0,677.9456062146853,7.794573238888673,2.910271338055566
1774676211521.0,894.6586231473459,11.076010604096014,2.746199469795199
1774676221519.0,973.1820292724943,12.423705834454129,2.6788147082772933
1774676226520.0,1033.2693282840469,13.239305416784289,2.6380347291607853
1774676236524.0,1066.2845539900723,15.505755212079553,2.524712239396022
1774676246522.0,1085.8099945920217,15.635868616588498,2.518206569170575
1774676256522.0,780.3373392850657,10.839997884257443,2.7580001057871275
1774676266521.0,567.4784300603335,7.394021138059399,2.93029894309703
1774676276518.0,430.06089406451036,5.485229678249963,3.0257385160875017
1774676281520.0,376.1117615385076,4.6047998123799525,3.0697600093810022
1774676286523.0,348.28501145856785,3.975181656582751,3.101240917170862
1774676291523.0,326.6812008508241,3.6806718525283384,3.115966407373583
1774676301521.0,335.40221578359495,4.063075969256311,3.0968462015371845
1774676311520.0,424.62310496188985,4.869246863594436,3.056537656820278
1774676321519.0,434.6756811204483,5.356154579338072,3.032192271033096
1774676331524.0,506.7823849184858,6.14584088598009,2.9927079557009955
1774676341523.0,517.9243376070883,5.655127650898561,3.0172436174550716
1774676351522.0,688.9791723801975,7.9869853854413915,2.9006507307279303
1774676361519.0,817.7536837657804,12.973489036462452,2.651325548176877
1774676366520.0,903.0509389022445,14.111222939371682,2.5944388530314155
1774676376518.0,1034.91006266309,15.304704240493992,2.5347647879753
1774676381522.0,1059.3186228592717,15.499599249099727,2.5250200375450134
1774676386522.0,1094.704869240087,16.127850295145514,2.493607485242724
1774676391522.0,1104.3313838620609,16.0568293369218,2.4971585331539097
1774676401521.0,949.4586355275902,12.97016542729291,2.6514917286353543
1774676411519.0,685.5604002489283,8.76576839502912,2.861711580248544
1774676421518.0,516.0424127782028,6.621486873731019,2.968925656313449
1774676426524.0,449.47767216956197,5.6522408660530825,3.0173879566973456
1774676436523.0,364.9035611385631,4.332939619176895,3.083353019041155
1774676441523.0,323.32331076315256,3.8358896456904414,3.108205517715478
1774676451521.0,318.2579793116842,3.748737096067822,3.1125631451966087
1774676461518.0,400.43859095527466,4.210168766252443,3.0894915616873777
1774676466518.0,403.60234149004566,4.97064750381543,3.0514676248092285
1774676471523.0,421.0097225833418,5.483574498017593,3.02582127509912
1774676476524.0,452.42353203260114,5.491634302269749,3.0254182848865123
1774676486524.0,463.2250830652394,6.179662556937667,2.9910168721531165
1774676496521.0,508.4305849601225,6.695745448605632,2.9652127275697184
1774676501521.0,627.582743191723,8.517563312644032,2.874121834367798
1774676511519.0,808.9721980405919,11.907907676380258,2.704604616180987
1774676516519.0,882.9280998599162,12.296937445338436,2.685153127733078
1774676521522.0,962.7115325545864,12.722813793774154,2.663859310311292
1774676531518.0,1039.930853721284,14.103663425181448,2.5948168287409272
1774676536522.0,1073.3923062385977,15.117049563795115,2.544147521810244
1774676541523.0,1130.5405716770183,14.837833786465657,2.558108310676717
1774676551521.0,960.293302641014,13.469897571279937,2.626505121436003
1774676561520.0,684.3113756687501,9.332184936672379,2.833390753166381
1774676571523.0,520.6069521794147,6.854962603714892,2.957251869814255
1774676581523.0,398.12133777614577,5.262219956289588,3.0368890021855206
1774676591521.0,329.675423734208,4.285922165121733,3.085703891743913
1774676601519.0,381.2215031700714,3.967839144448714,3.1016080427775643
1774676606519.0,430.0847710896506,4.528332974219348,3.0735833512890323
1774676611521.0,459.42034541512714,5.0542333327237206,3.047288333363814
1774676621525.0,511.70938211843077,5.6617912375638255,3.0169104381218084
1774676631519.0,516.9739681820882,6.092807376921918,2.995359631153904
1774676636522.0,517.6882017648953,6.604001169109214,2.9697999415445393
1774676646520.0,546.2724193162168,6.9748899989102755,2.951255500054486
1774676651520.0,655.2120928661103,8.292374374183296,2.885381281290835
1774676661517.0,818.8795215106423,12.29097578683478,2.6854512106582606
1774676666524.0,855.8458950839499,13.86319425949463,2.6068402870252685
1774676676519.0,993.4617900419527,14.31471868928025,2.5842640655359874
1774676681520.0,1013.5488753334706,15.693842918920799,2.51530785405396
1774676686521.0,1019.194590720885,16.63689157643433,2.4681554211782832
1774676691521.0,1034.6179434637459,17.38200876093095,2.4308995619534524
1774676701519.0,921.2547003959253,15.18700745919764,2.5406496270401178
1774676706519.0,779.8895346173405,12.529404638485701,2.673529768075715
1774676711522.0,654.6859414666169,10.582515611100522,2.770874219444974
1774676716524.0,560.2110684255889,8.858148684554278,2.8570925657722857
1774676721524.0,490.15699379276055,7.453506547893791,2.92732467260531
1774676731522.0,392.3841139641321,5.703007691934289,3.0148496154032856
1774676741520.0,333.50712963775266,4.0594801098785505,3.0970259945060725
1774676751518.0,344.05229881077577,4.719610336753889,3.0640194831623053
1774676756523.0,393.5603447344151,4.6433559422971245,3.0678322028851435
1774676761524.0,436.5899594922949,4.836887996156309,3.058155600192184
1774676771519.0,490.9763284971822,5.26247771657221,3.036876114171389
1774676776523.0,495.0796486319833,5.09094938427928,3.0454525307860356
1774676786520.0,516.9005019615631,6.2190201567700925,2.989048992161495
1774676791520.0,494.64440199233985,6.380817494229865,2.9809591252885066
1774676801519.0,638.2976678198468,8.32197299115076,2.8839013504424615
1774676806523.0,730.9550100294655,10.202649633614142,2.7898675183192925
1774676816521.0,868.412202631903,12.11650000005896,2.6941749999970517
1774676821522.0,940.9508064419615,12.143038280871716,2.692848085956414
1774676831522.0,1035.3284545558463,13.855448054882743,2.6072275972558625
1774676841520.0,1068.7210064175288,15.1301355478464,2.5434932226076796
1774676846520.0,1055.8300944741384,14.856855920504895,2.557157203974755
1774676856524.0,748.5814667738962,10.218143861437126,2.7890928069281435
1774676866523.0,560.5382292244503,7.445880351907147,2.9277059824046425
1774676876521.0,430.6447643879619,5.319551781211939,3.0340224109394027
1774676881521.0,379.11990465244486,4.7574384552611475,3.0621280772369426
1774676891519.0,315.34535109834695,4.040603253162903,3.0979698373418545
1774676901524.0,342.6479884179342,4.080655648144504,3.095967217592775
1774676906524.0,401.2356756943093,5.029160438019356,3.048541978099032
1774676916522.0,465.549250638997,5.99329531983826,3.000335234008087
1774676926521.0,456.0455608021441,6.466636595178437,2.976668170241078
1774676931521.0,449.8707762598674,6.395157481222866,2.9802421259388563
1774676941520.0,470.72800959280585,6.269916136041456,2.986504193197927
1774676951518.0,639.4780068331843,8.240629805320792,2.8879685097339602
1774676956525.0,715.1939575747921,9.613852043493232,2.8193073978253382
1774676966523.0,897.6063648673394,11.582203134851126,2.7208898432574435
1774676976521.0,985.0292095237893,13.745366726345688,2.612731663682715
1774676981521.0,1038.0014124667503,14.363166709861975,2.581841664506901
1774676991519.0,1064.906091883372,15.026757628845248,2.548662118557737
1774676996519.0,1103.2002851912416,14.697098473468877,2.565145076326556
1774677001524.0,932.0763254447222,12.347213007948463,2.6826393496025767
1774677011524.0,667.5321195229865,8.701335278858156,2.864933236057092
1774677021522.0,499.78987785434015,6.566724041317531,2.971663797934123
1774677031520.0,382.0619081289861,5.1431783139739045,3.0428410843013047
1774677041518.0,318.6369128663118,3.9861730818220544,3.100691345908897
1774677046524.0,291.2505669606198,3.7405707205604717,3.1129714639719763
1774677051524.0,324.12876438205274,3.9134651273977616,3.1043267436301116
1774677061520.0,404.2203149550706,4.321761756802443,3.0839119121598775
1774677066521.0,442.4877431096842,4.358041789839676,3.082097910508016
1774677071521.0,437.96573335290213,4.9985726503855155,3.050071367480724
1774677081519.0,477.29145842967836,4.814994051863253,3.0592502974068374
1774677086519.0,467.28170190594903,4.8251283940821255,3.0587435802958938
1774677091523.0,485.32324715799587,5.030842889874453,3.0484578555062773
1774677096525.0,483.7861334136352,4.985464543760881,3.050726772811956
1774677106522.0,782.6120592172574,10.576601377318928,2.7711699311340534
1774677111523.0,836.2068658265487,12.51906878721142,2.674046560639429
1774677121521.0,975.7554804211333,13.131719474241132,2.6434140262879433
1774677126521.0,1025.218826837359,13.337976567135367,2.6331011716432315
1774677136520.0,1093.1223939914998,13.249552845881087,2.6375223577059455
1774677146522.0,1115.3022510009193,14.426111522049661,2.5786944238975167
1774677151524.0,931.1737321923451,12.06885699036609,2.6965571504816954
1774677161522.0,669.4723012234823,8.375666281633649,2.8812166859183175
1774677166523.0,576.2030074723822,7.219386439179397,2.93903067804103
1774677176520.0,428.4607060301241,5.388716440854445,3.0305641779572774
1774677186525.0,355.05773495844574,4.005857350983114,3.099707132450844
1774677196523.0,303.7012413527343,3.198330707333559,3.1400834646333218
1774677206519.0,408.62564352810415,3.8198366328038014,3.10900816835981
1774677211521.0,463.648700965632,4.000439155163185,3.0999780422418404
1774677221518.0,516.0577609043855,4.607183119961372,3.069640844001931
1774677226519.0,529.190871413877,4.793108552376591,3.06034457238117
1774677231519.0,525.627358114864,4.915278009116095,3.054236099544195
1774677236525.0,523.198098798692,5.499302901770308,3.0250348549114845
1774677246523.0,555.8807639474697,6.054075814999904,2.9972962092500044
1774677251523.0,708.7355897885913,7.445847170051062,2.9277076414974466
1774677261522.0,830.4526380530231,10.99794211313753,2.750102894343123
1774677271519.0,994.1427865134865,13.88800275735288,2.605599862132356
1774677276519.0,1072.090896271542,14.274396469084211,2.586280176545789
1774677281519.0,1082.0408875961245,14.242304910891564,2.5878847544554215
1774677286524.0,1088.2900007598494,14.820499497427345,2.5589750251286327
1774677296523.0,1128.962376242115,14.935584186614884,2.5532207906692554
1774677301523.0,951.4797787840896,12.524895686060509,2.6737552156969744
1774677311521.0,684.8150502228314,8.771815385297412,2.8614092307351293
1774677321519.0,511.0045917628606,6.475699612555377,2.9762150193722308
1774677326520.0,446.7609304800739,5.441254926527106,3.0279372536736444
1774677336518.0,358.5543251283589,4.066565936761383,3.0966717031619306
1774677341522.0,329.9072214109997,3.5749202500124646,3.1212539874993768
1774677351520.0,366.3068364573806,3.8367815900220763,3.108160920498896
1774677356521.0,430.60219290599224,4.616240340055835,3.069187982997208
1774677361521.0,432.6493534981119,4.5855312486347435,3.0707234375682626
1774677371521.0,484.59031147173647,5.209176625748254,3.0395411687125873
1774677381518.0,522.370037287282,6.175792030080627,2.9912103984959684
1774677386520.0,511.4509912043311,6.537506827114339,2.973124658644283
1774677391520.0,499.47034337665684,6.188974509732105,2.9905512745133946
1774677396523.0,521.8987414339841,5.8528062952852915,3.0073596852357354
1774677406521.0,753.7272292105573,9.512853086370828,2.8243573456814586
1774677411521.0,809.9882919313918,10.3025102587222,2.78487448706389
1774677421520.0,959.1511795599883,13.562569505524309,2.6218715247237845
1774677431520.0,1092.7974231845117,15.057514079131685,2.5471242960434157
1774677441524.0,1161.3231840118935,15.4341126462313,2.5282943676884346
1774677451521.0,988.2363925724178,13.41521223628939,2.62923938818553
1774677456521.0,834.9838591234154,11.078681243899164,2.7460659378050414
1774677466518.0,598.6518998970375,8.001320884128921,2.8999339557935535
1774677471518.0,515.6766093450744,6.6054657132060095,2.9697267143396995
1774677476518.0,460.16508592011417,5.642841315777073,3.017857934211146
1774677481521.0,409.8689102584999,5.05419188785347,3.0472904056073262
1774677486523.0,362.02317915547854,4.553625085451555,3.072318745727422
1774677496522.0,303.4634727304115,3.583293918116537,3.120835304094173
1774677506520.0,401.89439390118343,4.214091291876943,3.089295435406153
1774677516518.0,456.04755564536555,4.664137900513779,3.0667931049743107
1774677521519.0,491.57471369523626,4.956881985395597,3.05215590073022
1774677526525.0,487.3796449542855,5.41409333241986,3.029295333379007
1774677536523.0,534.5032722737254,5.9498072519240495,3.002509637403797
1774677546521.0,510.48012882262833,6.013755267409073,2.999312236629546
1774677556519.0,753.5938109809707,9.199054838590154,2.8400472580704923
1774677561519.0,880.60405321472,11.670472076962962,2.716476396151852
1774677566519.0,952.3245303416106,12.154338063971798,2.6922830968014098
1774677576525.0,1049.5165259227335,13.414572372387365,2.6292713813806317
1774677586523.0,1077.7436146581097,14.271517429581104,2.5864241285209446
1774677591523.0,1104.9159524825166,14.337036964292192,2.58314815178539
1774677601522.0,918.3004533015926,12.81815560925972,2.6590922195370137
1774677611519.0,670.5697921454037,9.122254823217174,2.843887258839141
1774677616519.0,584.1451531611723,7.683878852023209,2.9158060573988394
1774677626523.0,438.8317601609579,5.8887213606175575,3.005563931969122
1774677631524.0,388.7694396630383,4.945287648015328,3.0527356175992333
1774677641520.0,326.31362460412475,3.804427719244682,3.109778614037766
1774677646521.0,301.6414852147028,3.5300591461866078,3.123497042690669
1774677656520.0,364.49376169787223,4.176753308410429,3.0911623345794785
1774677666524.0,436.06404977019946,5.48423873494488,3.025788063252756
1774677676523.0,462.031555536233,6.33513473359347,2.9832432633203263
1774677681523.0,503.4670424174571,5.925603426392081,3.0037198286803957
1774677691521.0,516.014515435705,6.350491155725509,2.9824754422137243
1774677696522.0,530.2719117268592,6.580729237066743,2.9709635381466626
1774677706519.0,784.2138164238695,10.238243526078389,2.78808782369608
1774677711519.0,894.2755509002637,11.097457695591688,2.7451271152204155
1774677716523.0,947.1447842577184,12.214666585084482,2.6892666707457757
1774677721524.0,993.011891972932,12.388349393367212,2.6805825303316393
1774677726524.0,1043.2444105042748,13.957657167049032,2.602117141647548
1774677736523.0,1077.6636896876905,16.460880998819725,2.4769559500590135
1774677746520.0,1126.3145276269797,17.0332849185648,2.44833575407176
1774677751520.0,936.9192366314782,14.12015846507005,2.5939920767464972
1774677761519.0,664.4885558121084,9.705055012181804,2.8147472493909094
1774677771524.0,483.0447214065578,7.007425035602487,2.9496287482198755
1774677776524.0,435.46234223766055,5.887000043270694,3.005649997836465
1774677786523.0,356.54300167656584,4.3583325281456045,3.0820833735927198
1774677796518.0,292.5158311487276,3.3181695049310154,3.134091524753449
1774677801520.0,314.42464188182953,3.512112959425384,3.1243943520287307
1774677811519.0,406.56196676282747,4.834237482725797,3.05828812586371
1774677816524.0,434.7030550418106,5.076057623962826,3.0461971188018584
1774677826523.0,443.57687350046166,5.5661209253754915,3.021693953731225
1774677836521.0,479.9227225725505,5.539422660921464,3.0230288669539265
1774677841522.0,520.6695348272226,5.707478158534053,3.0146260920732972
1774677851519.0,708.6732062641059,8.497661318985118,2.8751169340507436
1774677856519.0,813.4891967333796,9.875481102157046,2.8062259448921476
1774677866524.0,986.1427004018943,11.49905518601917,2.725047240699041
1774677876522.0,1008.7911102138218,13.29810425421377,2.635094787289311
1774677881523.0,1067.5152799234384,14.815914275012855,2.559204286249357
1774677891521.0,1098.967074070919,15.242727006030199,2.53786364969849
1774677901519.0,934.1394469679217,12.090324867567931,2.695483756621603
1774677906519.0,792.0081288727308,10.178201506072988,2.7910899246963505
1774677911520.0,675.2207998051625,8.531402596153947,2.8734298701923024
1774677916524.0,576.9405403470373,7.296212295587198,2.9351893852206397
1774677926522.0,444.7250182725952,5.498944734663648,3.0250527632668174
1774677936519.0,345.91038878691114,3.961344190482199,3.1019327904758898
1774677941519.0,309.707644111589,3.6713474444984104,3.116432627775079
1774677951517.0,364.5678562466186,3.871020998362911,3.1064489500818544
1774677956524.0,397.82437727657964,4.783570360641351,3.0608214819679325
1774677961524.0,449.50482643653584,5.324651946418775,3.033767402679061
1774677966524.0,466.4644649870189,5.964798614900271,3.001760069254986
1774677976522.0,475.9828868604683,5.8214010983293125,3.0089299450835343
1774677986520.0,526.6064725306695,5.904243237177043,3.004787838141148
1774677991520.0,528.1302612951606,5.570663213848165,3.0214668393075916
1774678001518.0,629.1274668167696,6.9839057307272885,2.9508047134636355
1774678006524.0,706.0453078425469,8.827965423409207,2.8586017288295396
1774678011524.0,785.4620604211568,9.549864874734581,2.822506756263271
1774678016524.0,866.2452166082659,11.996869846011961,2.700156507699402
1774678026522.0,954.2413584502717,15.453766262508072,2.5273116868745964
1774678036520.0,1061.437920778839,14.609036096714632,2.569548195164268
1774678041520.0,1075.2527837548216,15.108169921136405,2.5445915039431797
1774678051525.0,904.4183135715707,12.513970565302893,2.674301471734855
1774678061519.0,654.5132532309485,8.69790682709094,2.865104658645453
1774678066524.0,568.6756117183611,7.281547552842982,2.9359226223578507
1774678076521.0,433.99816205539736,5.457664794035307,3.0271167602982345
1774678081521.0,378.935249379179,4.7217209226227554,3.063913953868862
1774678091518.0,318.9904647123508,3.5267386833533187,3.123663065832334
1774678096525.0,286.99854551040283,3.261558106405886,3.1369220946797056
1774678106523.0,377.24462335493,4.907778164232952,3.0546110917883524
1774678111523.0,407.15866081427566,4.939755877628807,3.0530122061185594
1774678121520.0,421.5365423135375,5.544970437847055,3.022751478107647
1774678126520.0,436.15930410774325,5.749631792440044,3.0125184103779974
1774678131520.0,465.2335413106342,6.249999542331202,2.98750002288344
1774678136520.0,472.0942287625476,6.3551090123534735,2.982244549382326
1774678146525.0,454.9807360672724,6.534830215802798,2.9732584892098597
1774678156524.0,703.1777510339172,11.907456953034668,2.7046271523482663
1774678166522.0,876.5000171002006,12.285006028850272,2.685749698557486
1774678171522.0,911.8979091609451,13.826914886831538,2.608654255658423
1774678181520.0,1036.5500210946684,15.383645242160066,2.5308177378919963
1774678191518.0,1085.30020217987,15.841239577552969,2.507938021122351
1774678196525.0,1069.7456527758625,15.668341036053636,2.516582948197318
1774678206523.0,755.3069470451318,10.596494600265839,2.7701752699867077
1774678211523.0,643.303485658792,8.885639880505327,2.8557180059747336
1774678221521.0,489.51337498299335,6.522978897790635,2.973851055110468
1774678226521.0,423.65513673584496,5.4818803035495485,3.0259059848225225
1774678236518.0,349.8653867589257,4.439163320826274,3.078041833958686
1774678241525.0,324.44358125086615,3.9733789305116565,3.101331053474417
1774678251520.0,364.54404499663536,4.325086851771767,3.0837456574114115
1774678256520.0,389.1627172280768,5.164220232466713,3.041788988376664
1774678261523.0,423.9205721973469,5.712386235210853,3.014380688239457
1774678271522.0,462.1132397746076,5.421067883877925,3.0289466058061034
1774678281519.0,471.7857818722729,5.3636086640184475,3.0318195667990775
1774678286521.0,494.844360906417,5.334250696777482,3.0332874651611257
1774678296523.0,485.4908585464874,6.071924811194743,2.9964037594402626
1774678301524.0,634.586284606714,7.555136727691687,2.9222431636154154
1774678311522.0,835.2867233924658,10.71464418708782,2.764267790645609
1774678316522.0,886.1768005195779,12.544041120930991,2.67279794395345
1774678326519.0,1012.5645085511363,13.695170359546232,2.615241482022688
1774678331519.0,1084.4018730960756,13.870183018081121,2.6064908490959438
1774678341525.0,1096.8386397885706,14.973209124821434,2.551339543758928
1774678351524.0,910.047363836075,13.0346022674872,2.6482698866256396
1774678361522.0,659.0024529687036,9.004094644337234,2.849795267783138
1774678366522.0,570.9376038741592,7.424750398881764,2.9287624800559118
1774678376519.0,452.9201223486143,5.418686004649013,3.0290656997675494
1774678381519.0,411.9378092886683,4.634643309159079,3.0682678345420458
1774678386520.0,375.77254186123,4.039722438979105,3.0980138780510447
1774678391523.0,344.99622215893584,3.573546068652606,3.1213226965673693
1774678401520.0,383.62416082449136,4.295633798534187,3.0852183100732904
1774678406522.0,438.19312061158325,4.386974461897979,3.080651276905101
1774678411522.0,458.9658844200299,5.2531095770607115,3.0373445211469643
1774678421520.0,540.3051974247709,6.243981038610194,2.98780094806949
1774678426520.0,566.216854905212,6.265074638844857,2.986746268057757
1774678436524.0,564.4983551420339,6.275575125218284,2.9862212437390854
1774678446523.0,583.1427428143598,6.5489221975708185,2.9725538901214588
1774678451523.0,708.3672331634873,8.740036185077443,2.8629981907461275
1774678461520.0,913.873471581536,11.520119107062023,2.723994044646899
1774678466520.0,940.4347760939446,13.585031567603195,2.6207484216198402
1774678471520.0,1022.0717321222521,14.809014263825494,2.559549286808725
1774678481518.0,1148.4116951477495,14.94323207117642,2.552838396441179
1774678486525.0,1146.5265513745946,14.504458689923569,2.574777065503821
1774678496522.0,1236.882378302982,14.934550101379962,2.5532724949310017
1774678501523.0,1030.2231803332963,12.188603681432463,2.6905698159283764
1774678511519.0,736.0109012567669,8.712103931384176,2.864394803430791
1774678516519.0,621.0519824190048,7.270641348418582,2.936467932579071
1774678521520.0,529.0752223918839,6.220049309425905,2.9889975345287043
1774678531519.0,395.2227082477534,4.604438107537783,3.0697780946231106
1774678536523.0,347.4394384094076,3.8860872490873355,3.105695637545633
1774678541524.0,309.3269249724619,3.607784500635364,3.1196107749682316
1774678551521.0,318.895279617559,4.041667193113366,3.0979166403443315
1774678561520.0,408.57057971649556,4.7860210074350045,3.0606989496282497
1774678566520.0,462.98794994033943,5.06383293078614,3.0468083534606927
1774678576519.0,494.57582864754113,5.043656775357951,3.047817161232102
1774678581525.0,475.85736189988603,5.061101526181562,3.046944923690922
1774678591524.0,533.8627215445622,5.346502975336932,3.0326748512331534
1774678601522.0,694.2851532481093,7.304196723313001,2.9347901638343497
1774678611520.0,896.7756004393854,11.432389737032082,2.728380513148396
1774678616520.0,953.6544305072396,13.126714937479344,2.6436642531260324
1774678626518.0,1036.8770095265734,13.945545003661184,2.6027227498169405
1774678631524.0,1077.1593307986752,15.35268794110233,2.5323656029448833
1774678641523.0,1133.9370043120427,15.996951929254788,2.5001524035372604
1774678651521.0,939.9538485856938,12.839467694433703,2.6580266152783145
1774678656521.0,793.4163081818284,10.771496063723024,2.761425196813849
1774678666520.0,586.6606108511085,7.710138333234567,2.9144930833382716
1774678676524.0,453.12002210565294,5.373465566749594,3.03132672166252
1774678681524.0,398.6896317665968,4.621628254432334,3.0689185872783833
1774678691522.0,336.0643380668946,3.908735571631597,3.10456322141842
1774678701520.0,332.080355422066,4.18336453598458,3.0908317732007706
1774678706521.0,361.9005200147044,5.120478232927526,3.0439760883536238
1774678716519.0,433.79789472759467,6.253402975058283,2.9873298512470856
1774678721524.0,466.20868778323097,6.669988324883012,2.9665005837558494
1774678731520.0,494.56516083272703,7.073962813612378,2.946301859319381
1774678736522.0,485.91040692120254,6.5995646499999205,2.970021767500004
1774678741522.0,494.66023618598115,7.05529321106244,2.9472353394468778
1774678751521.0,603.2239537653536,8.956230922449782,2.8521884538775106
1774678761519.0,827.2148253687396,11.312932170585416,2.734353391470729
1774678766519.0,881.4483636493577,12.194575102495861,2.690271244875207
1774678776523.0,1003.2340849105433,13.250059294926782,2.6374970352536606
1774678781524.0,1048.5385028946446,13.76892517644629,2.6115537411776852
1774678791520.0,1108.7937514589985,13.92604627561846,2.6036976862190766
1774678796522.0,1157.8832004953638,14.870651300760574,2.556467434961971
1774678806519.0,825.2757281610264,10.32764973288785,2.7836175133556074
1774678811519.0,692.2012668739394,8.858491897389051,2.8570754051305474
1774678816525.0,597.7878084882592,7.287469211543682,2.935626539422816
1774678821526.0,525.1930693523612,6.127439162835918,2.9936280418582037
1774678831523.0,397.59575986088066,4.6488153510941395,3.067559232445293
1774678841521.0,319.862327098371,3.7625723772786235,3.1118713811360688
1774678846521.0,291.2460488569115,3.3173340446972555,3.1341332977651373
1774678856520.0,368.1713944545393,4.288677720021809,3.0855661139989095
1774678861521.0,423.26626493874727,4.394834735806317,3.080258263209684
1774678866525.0,469.2439874103165,5.192470109411189,3.0403764945294403
1774678876523.0,499.9122167458932,5.5461894711582165,3.022690526442089
1774678886520.0,530.5855986640541,6.584268320435265,2.970786583978237
1774678891522.0,550.4636891437593,6.82551160141285,2.958724419929357
1774678901521.0,692.6235802549909,9.387773127707312,2.8306113436146343
1774678911518.0,868.6808028414371,12.880566873940715,2.655971656302964
1774678916525.0,955.8708732021589,13.355086413409103,2.632245679329545
1774678926523.0,1036.8327777212169,13.410337428264167,2.6294831285867915
1774678931523.0,1063.0521575330163,13.38280222967234,2.6308598885163827
1774678941521.0,1104.2253984340873,15.039938373313301,2.548003081334335
1774678951519.0,926.557513580408,12.166490487044362,2.6916754756477816
1774678956519.0,773.8809627281495,10.133982845136261,2.7933008577431866
1774678961519.0,655.9819517660477,8.6468867838271,2.8676556608086448
1774678966524.0,567.6246834824707,7.486876317156394,2.92565618414218
1774678971524.0,503.43244851191827,6.363654935341801,2.9818172532329097
1774678981520.0,403.10726739498426,4.526853286708372,3.0736573356645813
1774678986521.0,360.68895796803787,3.8802419398298653,3.1059879030085065
1774678991521.0,334.45538508812496,3.4439599476167553,3.127802002619162
1774679001519.0,382.0350668695253,4.080299359362707,3.0959850320318645
1774679006525.0,403.62140125793275,4.866684890968355,3.056665755451582
1774679016524.0,456.81091349107436,5.6424634414520805,3.0178768279273958
1774679026521.0,470.5917166358193,6.467665155376243,2.9766167422311876
1774679031523.0,514.3492869643883,6.330627274122571,2.983468636293871
1774679041520.0,542.1940544205606,6.417123010385573,2.979143849480721
1774679046520.0,533.8934919071629,6.563940536556545,2.9718029731721725
1774679056519.0,721.4109329804076,11.87128475645393,2.7064357621773034
1774679061519.0,833.5210279474018,13.874295327671533,2.6062852336164233
1774679066523.0,912.7279464440389,14.82216038423826,2.5588919807880868
1774679071523.0,961.8227430490879,14.78085026690226,2.5609574866548868
1774679081521.0,1047.1790107297984,15.420940014959154,2.5289529992520423
1774679086521.0,1088.0679760361697,14.95411609040922,2.5522941954795386
1774679096519.0,1083.5345233022572,14.1807379624428,2.59096310187786
1774679101519.0,906.2181244253342,11.883093897144413,2.705845305142779
1774679111525.0,656.5033918388071,8.153809076160844,2.8923095461919575
1774679121522.0,500.18453367447205,6.138997928616943,2.9930501035691526
1774679126523.0,439.2776468631179,5.259136079367197,3.03704319603164
1774679136520.0,361.07590522078465,4.1155753732333995,3.09422123133833
1774679146516.0,308.36096602418525,3.3918080325053306,3.130409598374733
1774679151524.0,345.31008664600705,3.873380790374755,3.106330960481262
1774679161524.0,424.38489001672946,4.289360735245526,3.0855319632377234
1774679171522.0,471.99430685928587,5.378181034378485,3.0310909482810757
1774679181521.0,532.8789340830573,6.111889867559082,2.9944055066220456
1774679191519.0,555.309360696859,6.302316876521427,2.9848841561739285
1774679196519.0,538.6583405774703,6.04561736829254,2.997719131585373
1774679201525.0,654.8050090754301,8.814773551071193,2.8592613224464403
1774679211524.0,877.6312159614347,10.394971406209953,2.780251429689502
1774679221522.0,986.7143268984031,12.58668047773466,2.6706659761132667
1774679231519.0,1044.2330136695555,14.459712281679371,2.5770143859160313
1774679236520.0,1092.2652089350086,14.60626357576632,2.569686821211684
1774679246517.0,1127.802391896652,16.100557527415354,2.494972123629232
1774679251524.0,937.7092610633796,13.143414141199543,2.642829292940023
1774679261524.0,675.7546478580277,9.374007103263711,2.831299644836814
1774679271522.0,502.9743123102763,6.656679868234877,2.967166006588256
1774679281520.0,395.6404984867701,4.929087133912652,3.0535456433043673
1774679291524.0,320.1037935607181,4.038204898634299,3.098089755068285
1774679296525.0,297.70872788428926,3.6123292947229584,3.119383535263852
1774679306523.0,351.0023238535912,4.698062715748088,3.0650968642125953
1774679316521.0,433.7605817073936,5.254987902849999,3.0372506048575
1774679321521.0,441.4152091266885,5.645059608970947,3.0177470195514524
1774679331521.0,442.1362662643853,6.144609293766799,2.99276953531166
1774679341519.0,522.4832302528638,6.097439022145873,2.995128048892706
1774679346524.0,546.1328159467715,5.982475448800045,3.0008762275599974
1774679351524.0,680.2109539794671,8.336704250421459,2.883164787478927
1774679361518.0,920.362818996658,11.534922442817406,2.7232538778591295
1774679366522.0,955.8519988410857,11.999782354712966,2.7000108822643516
1774679376519.0,1071.757973115835,13.692223376816193,2.61538883115919
1774679381520.0,1068.8983500691068,13.894716471373124,2.6052641764313433
1774679391518.0,1135.7290948344316,16.699586590263028,2.4650206704868483
1774679396525.0,1167.2370558513464,17.571920335592452,2.4214039832203773
1774679406522.0,811.1536834181863,12.037447967916966,2.6981276016041513
1774679416520.0,600.280190956259,8.32105987095124,2.8839470064524377
1774679421520.0,517.2559189225964,7.165094554487477,2.941745272275626
1774679431519.0,405.944413502658,5.186608875519403,3.04066955622403
1774679441524.0,339.20956875160056,4.017737980534428,3.0991131009732786
1774679446524.0,315.22729027276614,3.732149852380358,3.113392507380982
1774679456519.0,371.5257794745938,4.804100185113966,3.0597949907443014
1774679461522.0,408.9519290459799,5.067694609911012,3.046615269504449
1774679471520.0,482.0926699819412,5.796593424176945,3.0101703287911525
1774679481518.0,512.6641890685029,5.956168572147093,3.002191571392645
1774679491523.0,543.1236688835329,6.408800350843371,2.979559982457831
1774679501521.0,691.7322249087304,9.25668733862802,2.837165633068599
1774679506523.0,764.8262581063184,11.041704273692599,2.74791478631537
1774679516520.0,964.483300177687,13.007611509753517,2.649619424512324
1774679521520.0,977.1166133328793,13.444110479843324,2.627794476007834
1774679531518.0,1085.165144545937,15.987080516905817,2.500645974154709
1774679536518.0,1071.5574976047224,15.898253421695355,2.505087328915232
1774679541524.0,1076.8110268973962,15.787415148076729,2.5106292425961634
1774679551522.0,934.5543918072539,12.398113160329732,2.680094341983513
1774679561521.0,678.8301896034706,8.561175723048862,2.8719412138475566
1774679566521.0,586.7046179399784,7.107258630424424,2.9446370684787784
1774679576520.0,439.1497806637301,4.987751719810047,3.0506124140094975
1774679586524.0,340.36013508340983,3.6184478290364033,3.1190776085481797
1774679596521.0,286.8778930043273,3.108138445018153,3.144593077749092
1774679606521.0,366.52024957326825,4.461513594572844,3.0769243202713574
1774679616520.0,406.06468631760237,5.037409457754499,3.048129527112275
1774679621520.0,437.3936048900881,5.767683032923436,3.011615848353828
1774679631519.0,505.9917512699243,6.171385440692566,2.9914307279653714
1774679636524.0,509.6690455060759,5.961215104206281,3.0019392447896855
1774679646523.0,499.37079654451856,6.27765756748065,2.986117121625967
1774679656521.0,812.4255214950997,10.188764174494327,2.7905617912752834
1774679661521.0,851.0651683536299,11.736466975004369,2.7131766512497815
1774679671520.0,954.047115387224,14.54993049286453,2.5725034753567733
1774679681524.0,1015.8150575185157,15.839992515974012,2.5080003742012993
1774679686525.0,1017.2178199115467,15.21261079055877,2.539369460472061
1774679696521.0,1113.058675741172,16.41995612935796,2.479002193532102
1774679701522.0,933.7567275071095,13.479436042631868,2.6260281978684064
1774679711520.0,670.5365971297746,9.484336709663387,2.8257831645168303
1774679716520.0,573.0408426371672,7.918041347642595,2.90409793261787
1774679726519.0,431.9465253318914,5.672931615513557,3.016353419224322
1774679731519.0,378.1948420709449,4.794972706554496,3.060251364672275
1774679736529.0,346.4204822220717,4.3608864819792545,3.081955675901037
1774679746528.0,300.1041586559332,3.479440713221684,3.1260279643389155
1774679756520.0,356.68758028359105,4.55232453506687,3.0723837732466563
1774679761520.0,380.1665009424074,4.4820056190334725,3.0758997190483264
1774679766524.0,410.8599351584565,4.534439471405386,3.0732780264297306
1774679776524.0,471.022464263572,5.1385239380696826,3.0430738030965157
1774679781524.0,472.69990769849727,5.379389808657573,3.0310305095671213
1774679791523.0,477.19334169973547,5.624984822647525,3.0187507588676237
1774679801520.0,638.9997111480861,8.378257229594613,2.881087138520269
1774679806521.0,789.7109407350986,10.735422937848567,2.7632288531075715
1774679816519.0,1000.087124878391,13.676544694191772,2.616172765290411
1774679826524.0,1069.5586071974133,14.053954827916641,2.597302258604168
1774679831524.0,1060.113722060208,14.923723224516895,2.553813838774155
1774679841522.0,1160.3036355131758,15.64309138334875,2.5178454308325624
1774679846523.0,1190.2582165909964,16.742277777374596,2.46288611113127
1774679856520.0,845.1922409216872,11.64827946325252,2.717586026837374
1774679861520.0,714.1095261602695,9.666966419996498,2.816651679000175
1774679871518.0,529.8914840975585,7.116881416641209,2.9441559291679393
1774679876524.0,460.732015466945,6.223484129064587,2.9888257935467704
1774679886522.0,365.62195521645117,4.540751552297033,3.072962422385148
1774679891522.0,340.5849136443395,4.1666965051030305,3.0916651747448483
1774679901519.0,357.1517059495784,4.585281174233135,3.0707359412883433
1774679906521.0,417.19256126679403,5.111211205911495,3.044439439704425
1774679916518.0,459.43822905982296,5.158783009881485,3.0420608495059254
1774679921526.0,453.83822239620855,5.084175618100221,3.0457912190949887
1774679931523.0,493.9276021301523,6.281966146910576,2.985901692654471
1774679936523.0,511.8292550977478,6.133217010196378,2.993339149490181
1774679946520.0,543.2319120203124,6.254426107874666,2.9872786946062666
1774679951521.0,687.3404288156803,7.783764842880989,2.9108117578559503
1774679961518.0,901.6154394190288,11.103821796867726,2.7448089101566135
1774679966519.0,976.6096741197753,12.260386554386812,2.6869806722806593
1774679971523.0,1021.4628931119719,12.601066617551275,2.669946669122436
1774679976524.0,1062.1490112556885,14.079068239406547,2.5960465880296724
1774679986522.0,1146.9639300408444,15.773642290852097,2.511317885457395
1774679991522.0,1140.2042722150945,16.45365012158798,2.4773174939206006
1774680001519.0,994.0142235576124,13.672956654678188,2.6163521672660903
1774680006520.0,839.9319569779163,11.26083450368536,2.736958274815732
1774680016518.0,615.1207999589144,8.117002269420944,2.8941498865289526
1774680021522.0,533.2830143726657,6.80550407203733,2.9597247963981332
1774680026523.0,464.566799941485,5.854756031706949,3.0072621984146526
1774680036521.0,353.0805653594399,4.5305883691987905,3.0734705815400605
1774680041521.0,314.38894480830635,4.183748785390387,3.0908125607304804
1774680051518.0,346.55117158138717,4.133065918646882,3.0933467040676557
1774680056519.0,402.996679316661,4.731962998314192,3.0634018500842903
1774680061526.0,450.43494024403964,5.162994041509357,3.041850297924532
1774680071523.0,465.7148629025112,4.849853368931299,3.0575073315534347
1774680081525.0,504.0380577465286,5.620075595484259,3.018996220225787
1774680091520.0,521.1823113206071,5.465822493463793,3.0267088753268103
1774680096520.0,544.5554225510256,5.412986413802324,3.0293506793098834
1774680106518.0,786.5116109464288,9.708847084223141,2.8145576457888426
1774680111519.0,836.3130931239289,10.228973053589275,2.788551347320536
1774680116523.0,919.0686088261289,12.453543354253885,2.6773228322873055
1774680121523.0,977.9421913509111,12.855924454606642,2.6572037772696677
1774680126523.0,1000.9133946719513,12.919692366397044,2.6540153816801477
1774680136519.0,1114.6968809471077,13.622665229562882,2.618866738521856
1774680141520.0,1107.1990823324472,13.62648112010003,2.6186759439949983
1774680146520.0,1131.2454612165914,13.345465929775388,2.6327267035112305
1774680156518.0,793.5447005579732,9.39511110367009,2.830244444816495
1774680161524.0,671.8518323832137,8.047514696991975,2.897624265150401
1774680171523.0,491.3456675827531,5.933994065200611,3.0033002967399693
1774680181522.0,387.55722955578835,4.532465169539334,3.0733767415230333
1774680191521.0,330.0476973783387,3.4798703479382147,3.126006482603089
1774680201518.0,330.95449030048763,4.3039012953881475,3.0848049352305926
1774680206524.0,367.9924765415606,4.6076101196223105,3.0696194940188843
1774680211524.0,426.85323950154947,4.874275728077042,3.056286213596148
1774680221521.0,470.64548762125924,4.662473844929631,3.0668763077535184
1774680231519.0,516.2058668960658,5.417283019399992,3.02913584903
1774680236520.0,540.807352446275,5.9527158753032205,3.002364206234839
1774680246519.0,547.633828149271,5.770706075336733,3.0114646962331633
1774680256525.0,776.7814389197986,9.64449430187885,2.817775284906057
1774680266523.0,981.0068025718614,13.836560274305228,2.6081719862847383
1774680271523.0,1061.7414027896725,14.275403069843804,2.5862298465078095
1774680281520.0,1150.8069966906885,14.704365684740324,2.5647817157629835
1774680286521.0,1172.3751451984751,15.51751025025637,2.5241244874871813
1774680296518.0,1153.9000528478427,17.06761966957249,2.4466190165213755
1774680301519.0,956.5376783818566,13.877258152682565,2.6061370923658718
1774680306524.0,806.104940333092,11.336655479065712,2.733167226046714
1774680316524.0,599.5778855157316,8.076882136115682,2.8961558931942157
1774680326521.0,458.1660699551718,5.726125895087732,3.0136937052456134
1774680336519.0,351.4369635239208,4.150617378727347,3.0924691310636323
1774680346518.0,301.3161587081853,3.3371584829414047,3.1331420758529296
1774680351524.0,367.9338520845007,3.7554546721442463,3.1122272663927877
1774680361524.0,454.6941158475006,4.475792783834802,3.07621036080826
1774680371521.0,512.8753061725807,4.948155234633418,3.052592238268329
1774680376521.0,539.2520990508164,5.650883888240423,3.0174558055879785
1774680386520.0,549.5970519182569,6.270534503607203,2.9864732748196396
1774680396519.0,568.5282794089661,5.741276993203287,3.0129361503398355
1774680401522.0,717.2019098859922,7.462680893682666,2.9268659553158667
1774680411523.0,897.8778242219815,11.319283624587538,2.734035818770623
1774680421521.0,952.6300813389042,12.356426537177422,2.6821786731411286
1774680426521.0,992.6507049551492,13.98669345876271,2.600665327061864
1774680436520.0,1031.8816441193915,13.805661807892777,2.609716909605361
1774680446524.0,1061.692911705671,14.723341268661677,2.563832936566916
1774680456523.0,756.0228895090402,10.231856051113956,2.788407197444302
1774680466521.0,552.296828748012,7.162366651264102,2.9418816674367947
1774680471521.0,483.0724604018879,6.1410755619568285,2.9929462219021583
1774680481520.0,383.644666680297,4.601998984483061,3.0699000507758467
1774680491519.0,312.3832369121374,3.773653167100603,3.1113173416449698
1774680496523.0,287.395405102282,3.2781215644614594,3.136093921776927
1774680506522.0,373.8047564833832,4.853089057318345,3.0573455471340827
1774680511522.0,421.75255623176645,4.993082437750353,3.0503458781124824
1774680516522.0,476.2191488216558,5.109149073170235,3.044542546341488
1774680526520.0,510.8948198455797,5.683594224002668,3.0158202887998664
1774680531520.0,500.99803806990474,5.912290277712864,3.004385486114357
1774680536520.0,483.9451887100898,5.720008196916533,3.013999590154173
1774680541525.0,489.05665406864875,5.723084323981697,3.013845783800915
1774680546525.0,477.62327388619707,5.851382188087486,3.0074308905956255
1774680556524.0,727.6649015635604,8.875225255854563,2.8562387372072715
1774680566521.0,889.1542371717754,11.826875984476283,2.7086562007761854
1774680571521.0,975.9760048572789,12.37660298429909,2.681169850785045
1774680581519.0,1054.6599011892297,12.903472520470363,2.6548263739764817
1774680586519.0,1096.7956505387772,13.519483712042756,2.624025814397862
1774680591525.0,1081.3678681733927,14.00921452434269,2.5995392737828653
1774680601523.0,917.9212005840529,11.505048310442215,2.724747584477889
1774680611522.0,648.7699552532496,8.202380839741753,2.8898809580129123
1774680621520.0,485.8470414131503,6.210920603542317,2.989453969822884
1774680626520.0,431.51476637892847,5.244979322641657,3.037751033867917
1774680636522.0,350.6881137298326,4.1383176135077875,3.0930841193246104
1774680641524.0,326.89279402317135,3.7521795755413674,3.1123910212229315
1774680651522.0,367.2983445521247,3.906298110067234,3.104685094496638
1774680656522.0,406.01369681961603,4.198058144968608,3.090097092751569
1774680666519.0,459.2704766682163,4.954473707136263,3.0522763146431866
1774680671521.0,473.34251837619706,5.728389711816068,3.0135805144091963
1774680681519.0,503.4927078801411,5.158591056738938,3.042070447163053
1774680691524.0,566.0230237286594,5.9120988575757725,3.004395057121211
1774680696525.0,548.0124374395627,5.590451351825952,3.0204774324087023
1774680706523.0,763.7364360583947,9.356399083282161,2.8321800458358917
1774680716520.0,900.054735901122,11.13183408031656,2.743408295984172
1774680721520.0,964.9281371899912,11.483035537864037,2.725848223106798
1774680731525.0,1096.7161900655042,12.993103584669456,2.650344820766527
1774680741520.0,1065.597735366894,14.811736198026354,2.559413190098682
1774680746524.0,1086.3387620192193,15.868267523426969,2.5065866238286514
1774680756522.0,772.0842518741563,10.825410866779158,2.758729456661042
1774680766520.0,564.1441779203024,7.5076021550891845,2.9246198922455404
1774680776519.0,435.1220543248168,5.81622124099724,3.009188937950138
1774680781525.0,380.4252485944894,5.133398939547546,3.0433300530226224
1774680786525.0,341.48155365125143,4.695862721243112,3.0652068639378443
1774680796522.0,282.41649847741894,3.6289215203013847,3.1185539239849307
1774680801522.0,340.63703930022785,4.484984732379046,3.0757507633810475
1774680811519.0,369.16968633302633,4.451761654447977,3.077411917277601
1774680816519.0,402.6909146452996,4.97493598763397,3.0512532006183015
1774680821519.0,404.3356770596771,4.935487508583538,3.053225624570823
1774680826525.0,411.35202609142993,5.600594672567889,3.0199702663716055
1774680831525.0,421.93939770481,5.8515892408747785,3.007420537956261
1774680841521.0,486.44611201704583,6.1523925659532726,2.9923803717023363
1774680846523.0,499.09530135319926,5.807407562442058,3.009629621877897
1774680856520.0,754.6379275907742,10.508252649442289,2.7745873675278854
1774680861520.0,838.5326621294088,12.205866893512795,2.6897066553243603
1774680866520.0,880.3034026835317,12.915646722616426,2.6542176638691783
1774680876518.0,979.165031547841,14.362777794451187,2.5818611102774405
1774680881524.0,997.2755756338104,15.076502017105657,2.546174899144717
1774680886524.0,1042.2608246373857,14.91693055804621,2.5541534720976893
1774680896523.0,1120.8655518972873,14.155789617344867,2.5922105191327565
1774680906520.0,787.0065036327644,9.567938592943316,2.821603070352834
1774680916519.0,577.9501001040072,6.618680546149847,2.9690659726925075
1774680921519.0,493.789342721239,5.553304476016734,3.022334776199163
1774680926525.0,436.24507075667856,4.7547191535691296,3.0622640423215435
1774680936520.0,356.143380435415,3.7530809254885735,3.1123459537255713
1774680941520.0,319.65207314057596,3.5638524029049754,3.121807379854751
1774680946521.0,295.4777035388103,3.263795024473673,3.136810248776316
1774680951521.0,352.1286870921225,3.59941645473158,3.120029177263421
1774680961520.0,429.575577639993,4.69725368729829,3.065137315635085
1774680971518.0,434.75721391507574,4.952021580132007,3.0523989209933995
1774680976524.0,442.3101462739551,5.736237813421562,3.013188109328922
1774680981524.0,435.04880099749533,6.019819759093869,2.999009012045306
1774680991520.0,491.1286023503418,6.240881889984725,2.9879559055007636
1774680996522.0,495.7840906974527,6.481986835639787,2.9759006582180105
1774681006521.0,742.6662101206182,10.60613653521108,2.7696931732394456
1774681016518.0,957.816934579539,11.571272760126677,2.721436361993666
1774681021521.0,1001.5278111172186,13.068816124844918,2.6465591937577537
1774681026521.0,1058.244348629149,14.621704798233493,2.568914760088325
1774681031523.0,1058.0861765644127,14.795168071914429,2.5602415964042784
1774681036523.0,1046.635530716115,16.132300234072993,2.4933849882963504
1774681046521.0,1058.7100874983917,17.028316898095568,2.4485841550952214
1774681051521.0,881.0699224673776,14.036542646610753,2.598172867669462
1774681061520.0,649.9282164441267,9.524284610021764,2.8237857694989117
1774681071522.0,498.195622655544,6.820709540804181,2.958964522959791
1774681081523.0,399.6437342512718,4.95531206276107,3.0522343968619463
1774681091520.0,328.37341120085534,3.7745878484895776,3.1112706075755208
1774681096520.0,300.732790513209,3.3479790621957597,3.132601046890212
1774681101520.0,321.24689914445,3.4894006679295724,3.125529966603521
1774681106520.0,340.97381229306177,3.6246592880906507,3.118767035595467
1774681111525.0,363.04546402889844,4.3946319448052975,3.080268402759735
1774681116525.0,410.67405833576487,5.022763597070904,3.048861820146455
1774681126523.0,447.8988881687595,5.046371418999739,3.0476814290500127
1774681136522.0,455.1385259578237,5.587325658328336,3.020633717083583
1774681146520.0,475.2089985776191,5.98060978506186,3.000969510746907
1774681151520.0,593.248556413674,7.425544781816544,2.9287227609091726
1774681161519.0,795.491727634384,9.360498837970033,2.831975058101498
1774681166525.0,883.8673190082093,11.404409967699404,2.7297795016150297
1774681176523.0,970.381834206061,12.935660060767185,2.6532169969616404
1774681186521.0,1059.7782187254868,13.677155343295649,2.6161422328352173
1774681191521.0,1103.3816695517464,14.055647215852433,2.5972176392073782
1774681201520.0,937.6837475211203,12.25127973974854,2.6874360130125727
1774681206520.0,785.3397916742309,10.334192095700018,2.783290395214999
1774681216525.0,573.9974971623927,7.199599925552039,2.940020003722398
1774681226522.0,450.85508888535526,5.4238857291411575,3.028805713542942
1774681231522.0,406.91783739864763,4.7176621758224915,3.0641168912088754
1774681241520.0,316.7597379848171,3.921954336091061,3.103902283195447
1774681246521.0,291.5478452013002,3.3753187270385574,3.1312340636480718
1774681256518.0,391.19892569946126,3.865773301884669,3.1067113349057665
1774681261520.0,409.89758717376975,4.676158855950886,3.0661920572024557
1774681266524.0,449.9352971586144,5.055214604515712,3.0472392697742143
1774681276523.0,466.7083908957234,5.36405541245801,3.031797229377099
1774681286521.0,476.87883133972326,5.405672563930836,3.029716371803458
1774681296519.0,493.96882444444157,5.909466048310855,3.004526697584457
1774681301519.0,629.4601355817449,7.1965613227871135,2.9401719338606442
1774681311522.0,783.0872386635018,10.773453969454252,2.7613273015272872
1774681316522.0,867.9980522193794,11.147999382522135,2.742600030873893
1774681326522.0,962.7397978594495,13.520675191224278,2.623966240438786
1774681336521.0,1014.1450895427473,14.326133641436405,2.5836933179281796
1774681346518.0,1051.890659305951,15.321859496482498,2.533907025175875
1774681351519.0,887.4017148981501,12.537758313010137,2.673112084349493
1774681356521.0,756.3160909961132,10.602844199446425,2.7698577900276784
1774681361524.0,648.753916691759,8.814597611951243,2.8592701194024377
1774681371522.0,479.87725308326316,6.309340754584139,2.984532962270793
1774681376523.0,422.620582860757,5.595844163849722,3.020207791807514
1774681386520.0,344.7469015511622,4.405806533270004,3.0797096733364997
1774681396518.0,300.21022752100674,3.3801805628875536,3.1309909718556224
1774681401523.0,342.88315906898225,3.8591062026777148,3.107044689866114
1774681406524.0,413.026469843181,4.145950808097672,3.0927024595951162
1774681416522.0,490.2358294347698,4.487793608520408,3.0756103195739795
1774681421522.0,510.2251351608923,4.431043171884557,3.078447841405772
1774681431521.0,507.4701138073104,5.229446416765502,3.038527679161725
1774681441518.0,520.4943959463803,5.859846635495166,3.0070076682252416
1774681446518.0,529.4252124312245,5.504566488640738,3.024771675567963
1774681451519.0,679.321162314455,7.679961119902693,2.916001944004865
1774681456521.0,802.6830708960765,8.604103730214314,2.869794813489284
1774681466523.0,912.8083341516428,12.630255284154869,2.668487235792256
1774681476522.0,1030.9744232087478,13.031648511691015,2.648417574415449
1774681486519.0,1112.1542257765936,13.910644089740105,2.6044677955129947
1774681496517.0,1202.0102869763357,16.138383482769516,2.493080825861524
1774681501524.0,1002.2530494709981,13.494254798953982,2.6252872600523007
1774681506524.0,850.7857405597896,11.333615940895703,2.7333192029552147
1774681516521.0,609.0214166518896,8.2461553690087,2.887692231549565
1774681526521.0,457.1119252263956,5.883022576226823,3.005848871188659
1774681536519.0,374.8507350104759,4.7071992256938255,3.0646400387153085
1774681546524.0,311.8505879839132,3.7719118135313825,3.1114044093234305
1774681556519.0,401.1367681088698,4.011413681993643,3.0994293159003177
1774681561523.0,437.6503363900038,4.560713538704245,3.0719643230647877
1774681571521.0,473.35337565447963,5.673741178506692,3.0163129410746654
1774681581519.0,503.6061979318656,5.840439541340598,3.00797802293297
1774681586519.0,485.76718572035327,5.87800202559674,3.006099898720163
1774681591519.0,491.6746353783941,5.9958578033482866,3.0002071098325853
1774681596524.0,491.0429520256214,6.104497519450506,2.9947751240274743
1774681606523.0,729.4559576202937,9.898146689340845,2.8050926655329578
1774681611523.0,805.7662482353759,11.938369748545751,2.7030815125727123
1774681621521.0,981.9817428561051,13.586877888223306,2.6206561055888344
1774681631518.0,1042.1392787275838,15.198787086972043,2.5400606456513977
1774681636519.0,1090.9199999092752,16.219775685706797,2.48901121571466
1774681646524.0,1124.1660008090873,16.05124562381956,2.4974377188090218
1774681651524.0,934.451015112998,13.315365360911262,2.634231731954437
1774681661522.0,664.0231404601328,9.21310850196898,2.839344574901551
1774681666522.0,566.0632687359255,7.605566848297168,2.9197216575851415
1774681671522.0,485.0032027960076,6.453522473959772,2.977323876302011
1774681681519.0,382.5974590229755,4.90160668726288,3.054919665636856
1774681686519.0,347.0871840728232,4.303963625277517,3.084801818736124
1774681696525.0,291.40372112332255,3.6569648977600857,3.1171517551119954
1774681706522.0,377.36423322244065,4.817218080314126,3.0591390959842935
1774681716522.0,474.9078120799493,5.104361855133998,3.0447819072433
1774681726521.0,496.8209477124178,5.271191136737055,3.036440443163147
1774681736520.0,482.1031765485318,5.885855528088684,3.0057072235955657
1774681741521.0,469.8652403662864,5.572824453003979,3.0213587773498007
1774681746523.0,515.6777156959771,5.951665341182329,3.0024167329408833
1774681751524.0,652.3867601160066,8.707948834679346,2.8646025582660326
1774681761522.0,862.941446137037,11.286029803128244,2.7356985098435875
1774681766522.0,910.0199431806773,13.381111895633094,2.630944405218345
1774681776520.0,1051.6511884426673,14.77560422457254,2.561219788771373
1774681786525.0,1094.222591866983,16.283979211265937,2.485801039436703
1774681791526.0,1109.1473085575274,15.872200205101208,2.5063899897449393
1774681801523.0,944.0113992155044,13.750048952096437,2.612497552395178
1774681811522.0,672.5763911208031,9.543797152489097,2.8228101423755447
1774681821520.0,495.0306877403106,7.070770126899388,2.9464614936550304
1774681831519.0,394.1791932070528,5.180320856879102,3.040983957156045
1774681836524.0,362.6884073765761,4.57263190743007,3.071368404628496
1774681846523.0,299.03795980534227,3.489039526478439,3.1255480236760778
1774681856519.0,373.8794776091506,4.650168991429994,3.0674915504285
1774681861521.0,386.7252197088723,4.902254004974841,3.054887299751258
1774681871519.0,429.49842427379286,5.438903264221353,3.0280548367889324
1774681876519.0,446.7417867862488,5.3218760604400135,3.0339061969779992
1774681886523.0,517.4477293785168,6.334191602670941,2.983290419866453
1774681891523.0,518.0632719104473,5.892526973390216,3.005373651330489
1774681901522.0,683.9774849291409,8.402292983482702,2.8798853508258646
1774681906522.0,790.9331928691344,9.705489444196756,2.814725527790162
1774681916521.0,976.4903255554766,11.195009426439627,2.740249528678018
1774681926518.0,1038.5998112576187,14.61211131906292,2.5693944340468535
1774681931524.0,1039.5299255006933,15.318699970944792,2.53406500145276
1774681941523.0,1090.3572760749098,16.27840059562699,2.4860799702186505
1774681951521.0,904.9888960060134,13.899007556278823,2.6050496221860584
1774681961519.0,651.0761188037935,9.773742712176485,2.8113128643911756
1774681966519.0,558.5411808794198,8.280681682150373,2.885965915892481
1774681971519.0,496.38409023981745,7.096704712699423,2.9451647643650287
1774681976524.0,446.15091626098496,6.210539688683328,2.9894730155658333
1774681981524.0,388.07043585137075,5.499182963292545,3.0250408518353726
1774681991523.0,325.3676344898173,4.340958034967251,3.082952098251637
1774681996523.0,298.27666590895484,3.7115384447200177,3.1144230777639987
1774682001528.0,368.8104354461523,3.9851927512997385,3.1007403624350127
1774682011523.0,472.86028064885545,4.084777431365068,3.0957611284317466
1774682021519.0,461.79634298338124,4.571681873907786,3.0714159063046105
1774682026526.0,451.31475320545644,4.558111507636298,3.072094424618185
1774682031526.0,451.0288250538895,5.257543668509146,3.0371228165745423
1774682041522.0,491.37845903939456,5.468317710955288,3.0265841144522354
1774682051522.0,647.0436882891806,8.456491036409632,2.877175448179518
1774682061521.0,853.8779994500163,11.58578581578744,2.7207107092106275
1774682066521.0,892.4956315913827,13.180167963279679,2.640991601836016
1774682071522.0,932.0556214980065,14.363738014266797,2.58181309928666
1774682076526.0,1008.7604592731922,14.796759074281873,2.5601620462859063
1774682086525.0,1120.7088483479472,14.812601943102024,2.5593699028448986
1774682096522.0,1165.7099869733618,14.317144371964512,2.5841427814017743
1774682106523.0,810.3777957954889,10.119703753616784,2.7940148123191606
1774682116519.0,591.3492040504876,7.01390716600875,2.9493046416995625
1774682121520.0,512.8152873356224,5.812783323894569,3.0093608338052715
1774682126526.0,450.23362132220456,5.0811975624844905,3.045940121875775
1774682131526.0,402.3228040788618,4.553177702652091,3.0723411148673954
1774682141522.0,340.80981549877873,3.7455546980603214,3.1127222650969837
1774682146522.0,308.9566823582446,3.4939093289557315,3.1253045335522134
1774682151522.0,386.82037410073735,4.567785535807331,3.0716107232096332
1774682156525.0,436.855390132336,5.245524073550227,3.0377237963224886
1774682166520.0,481.37370758743646,5.2917462196766385,3.0354126890161677
1774682176524.0,537.9290604328843,5.366642405990251,3.0316678797004872
1774682186524.0,581.8426219630755,5.744549647501665,3.0127725176249167
1774682196521.0,616.9872309303978,5.652239883405947,3.0173880058297025
1774682201521.0,712.498830203561,7.651999823523949,2.9174000088238023
1774682211519.0,857.9197722826553,10.13703930129413,2.7931480349352933
1774682216519.0,916.1312778419042,12.098143682796142,2.6950928158601926
1774682221523.0,971.3315178028204,12.413353221308926,2.6793323389345534
1774682226525.0,1021.4912253598878,12.70428886820965,2.6647855565895173
1774682231525.0,1058.2025958939682,13.691330678877524,2.615433466056124
1774682241520.0,1122.2396276979537,16.182810188177495,2.490859490591125
1774682246522.0,1145.5333646003753,15.710148193494168,2.5144925903252915
1774682256519.0,803.1863614037566,10.705023586055113,2.7647488206972444
1774682261521.0,681.2681181012595,8.948274223516721,2.8525862888241638
1774682271522.0,514.0734996188813,6.139713049235453,2.993014347538227
1774682276523.0,448.7146554643465,5.434352888924893,3.0282823555537552
1774682286522.0,344.4841624480991,4.370750377608441,3.0814624811195777
1774682291522.0,308.39239038419197,3.9514821689054362,3.102425891554728
1774682296522.0,284.86103612365923,3.4169712656415276,3.1291514367179234
1774682306519.0,424.17595454669606,3.844269214640899,3.1077865392679547
1774682311527.0,437.2140669117726,4.565046852768396,3.07174765736158
1774682321525.0,454.18978124089926,4.866598014537028,3.0566700992731484
1774682326526.0,494.06498605311606,5.484642640428967,3.0257678679785514
1774682336522.0,519.173956767338,5.79410912857294,3.010294543571353
1774682341522.0,495.93364883230095,6.2995858753893055,2.9850207062305345
1774682351520.0,643.9541641186663,9.459931590188194,2.8270034204905903
1774682356522.0,715.4809494549393,11.573466299170864,2.721326685041457
1774682366524.0,892.6821885191466,13.58081755528639,2.6209591222356803
1774682376523.0,977.0191638441114,14.868822266272652,2.5565588866863673
1774682381523.0,995.1612951334868,14.928779516330472,2.5535610241834763
1774682386523.0,1037.6076975159244,16.08832636359519,2.49558368182024
1774682396520.0,1076.4032585969844,15.000608581759582,2.5499695709120207
1774682406519.0,760.8053362207789,10.553951810790613,2.772302409460469
1774682411525.0,641.8902495561654,8.878993395329429,2.8560503302335283
1774682416525.0,545.4695892517323,7.595735708845405,2.9202132145577293
1774682426523.0,423.8767228673146,5.634677666744038,3.0182661166627978
1774682436521.0,345.413784227759,4.355940689462509,3.0822029655268746
1774682441521.0,326.3188907847111,3.8010899367318167,3.109945503163409
1774682451518.0,315.56532837879774,4.036656546319112,3.098167172684044
1774682456525.0,381.53365379368444,4.576181332210336,3.071190933389483
1774682466519.0,450.1706213469751,5.748587122462118,3.0125706438768938
1774682471523.0,444.3022367095264,5.737311904859854,3.013134404757007
1774682476525.0,488.542867985243,5.47889702050131,3.026055148974934
1774682486521.0,487.6223865337895,6.052682194262529,2.9973658902868734
1774682491521.0,478.31831197414664,6.246860146025952,2.987656992698702
1774682501518.0,641.0671079139629,7.185619133296448,2.9407190433351773
1774682506525.0,741.3101521023256,8.702055559804474,2.864897222009776
1774682511525.0,849.2891502818914,9.799364311718616,2.810031784414069
1774682521522.0,1012.2325286379253,11.79121672257636,2.7104391638711816
1774682526522.0,1061.6735021039253,12.233519974313994,2.6883240012843
1774682531523.0,1101.7889068369132,14.021066886075618,2.598946655696219
1774682541517.0,1132.2193640462124,15.316079961968125,2.5341960019015937
1774682546520.0,1127.4897542290232,15.72206498874164,2.513896750562918
1774682556525.0,793.5968666003439,10.574088657607215,2.771295567119639
1774682566524.0,572.018684648265,7.703025761765916,2.914848711911704
1774682576522.0,443.2377711871088,5.720201603906351,3.0139899198046822
1774682586521.0,352.66199747625205,4.342810782755779,3.0828594608622106
1774682591521.0,330.4275328353001,3.7179914184573244,3.1141004290771335
1774682601518.0,334.3529910535818,4.616209177882229,3.0691895411058883
1774682606521.0,403.76040404963186,4.853741187082852,3.0573129406458572
1774682611524.0,404.65059769227577,4.733435271657255,3.0633282364171373
1774682616524.0,445.26866990852625,5.092932395150857,3.045353380242457
1774682626522.0,484.9375874667374,5.4992449782624595,3.025037751086877
1774682636520.0,484.5837891503749,5.869291886148362,3.0065354056925817
1774682641520.0,515.4808492888673,6.126260914753169,2.9936869542623414
1774682651521.0,623.6252193987066,7.681324863337113,2.915933756833144
1774682656525.0,732.932592369454,10.355686986397487,2.7822156506801257
1774682666523.0,874.8234417763249,11.72589106155709,2.713705446922145
1774682671523.0,965.7465755594139,13.514328295794593,2.62428358521027
1774682681520.0,1012.0406463651127,15.416089199296895,2.529195540035155
1774682686520.0,1075.8694679394412,16.694114752874693,2.4652942623562653
1774682691520.0,1093.869609485183,15.805169601691063,2.5097415199154467
1774682701523.0,954.2218586593616,12.545608347996858,2.672719582600157
1774682711523.0,689.1760028975367,8.468069420295214,2.876596528985239
1774682716523.0,595.349369278177,7.046886170267919,2.947655691486604
1774682726520.0,457.0180481387598,5.174036718589118,3.041298164070544
1774682731520.0,398.71012254810563,4.596577559894534,3.070171122005273
1774682741534.0,327.2683727021922,3.7528567455428843,3.1123571627228555
1774682751523.0,354.8540758444864,3.7775309952029676,3.1111234502398513
1774682756524.0,401.7743049261056,3.878888847750104,3.1060555576124944
1774682766521.0,444.5885868541517,5.201162163235675,3.039941891838216
1774682771522.0,480.67462066229575,5.598792149200993,3.0200603925399503
1774682781520.0,556.0957352838874,5.5673302498734945,3.021633487506325
1774682786520.0,559.8543155881721,5.498607457701597,3.02506962711492
1774682796524.0,558.1012459128656,5.922847512615596,3.00385762436922
1774682801524.0,713.6494250118462,8.588237237866242,2.8705881381066876
1774682806524.0,828.5277258016446,11.232395376688897,2.738380231165555
1774682816521.0,961.9641036168864,14.599408189098053,2.570029590545097
1774682821522.0,976.2091848729808,15.198450365504447,2.5400774817247775
1774682831520.0,1110.4603218269897,14.933947546392302,2.5533026226803845
1774682841525.0,1166.6991557308188,15.824219274854977,2.5087890362572507
1774682846526.0,1172.0143212345697,15.61007743537796,2.519496128231102
1774682856522.0,813.9628048031213,10.885082511564969,2.755745874421751
1774682861522.0,695.4131485229937,9.11295264799843,2.844352367600078
1774682866522.0,598.0054577432861,7.825746310980953,2.9087126844509523
1774682876521.0,455.3623250579275,5.940239555647552,3.002988022217622
1774682886518.0,371.00411899603813,4.6492135655043185,3.0675393217247837
1774682891525.0,341.7907778834524,4.254285077864932,3.0872857461067533
1774682896525.0,310.20390366735285,3.948179531489268,3.1025910234255365
1774682906522.0,403.894898129799,4.777446445674085,3.0611276777162955
1774682911523.0,434.27196033301163,5.15428627660171,3.0422856861699143
1774682921520.0,454.25780952637456,5.5952954367888355,3.020235228160558
1774682926520.0,502.5322862686247,5.473850330566204,3.0263074834716894
1774682931520.0,492.2840984779744,5.741190308848919,3.012940484557554
1774682941522.0,486.95442967855183,5.532159770632716,3.023392011468364
1774682946522.0,498.15900254854665,5.483210339087429,3.0258394830456283
1774682951523.0,647.2918472055701,8.613792630416498,2.8693103684791748
1774682956523.0,718.5702032236388,10.639464162904277,2.768026791854786
1774682961523.0,841.2932228666091,11.053386204019782,2.7473306897990106
1774682971564.0,1005.891445955182,13.776780066008861,2.6111609966995566
1774682981518.0,1040.8831555600445,14.025352791100755,2.598732360444962
1774682986523.0,1092.2279526850382,14.70248533534117,2.5648757332329413
1774682991524.0,1112.8420793165935,15.803413906154807,2.5098293046922593
1774683001522.0,927.122721401469,12.700323588577765,2.6649838205711114
1774683006522.0,781.8309270030834,10.642734805264531,2.767863259736773
1774683011522.0,664.3949367765828,9.024235693316081,2.8487882153341957
1774683021518.0,492.39143471385825,6.575330481913079,2.971233475904346
1774683026519.0,438.96914620346485,5.583086674938931,3.020845666253053
1774683031519.0,399.1931752597612,4.833501161070231,3.058324941946488
1774683036523.0,360.0014921257549,4.27096437984996,3.0864517810075016
1774683046522.0,299.0548852337124,3.187212248386884,3.1406393875806558
1774683051522.0,334.8680636238889,3.707882513117739,3.1146058743441127
1774683056523.0,405.18788845842647,3.8524639854127214,3.1073768007293636
1774683066519.0,490.7151680085662,4.774520208098876,3.061273989595056
1774683071519.0,491.96490258788725,4.957306936641038,3.052134653167948
1774683076522.0,481.83758812574024,5.536198273385815,3.0231900863307093
1774683081526.0,495.22651036014224,5.862736483650565,3.0068631758174718
1774683091519.0,495.4920423621121,5.952439556822895,3.002378022158855
1774683096521.0,520.6481105602384,6.008857830596915,2.999557108470154
1774683101522.0,630.6545503926719,7.76466496692281,2.9117667516538592
1774683106522.0,781.2411012479308,9.144747140786375,2.842762642960681
1774683116520.0,891.3804342747578,11.783072607671068,2.7108463696164464
1774683121537.0,916.7248074672095,12.44593843675221,2.677703078162389
1774683131525.0,1024.6928970791923,14.95896771231053,2.552051614384473
1774683136525.0,1049.037258445238,15.912873866458003,2.5043563066770997
1774683141526.0,1062.682307209128,16.398559479783607,2.4800720260108196
1774683151522.0,907.0441079548916,14.036080776495162,2.5981959611752417
1774683161520.0,649.0489991321535,9.795113183608265,2.8102443408195867
1774683166520.0,556.8264950102838,8.136072307495297,2.893196384625235
1774683171520.0,476.49563537839595,6.7660665595335026,2.961696672023325
1774683181518.0,371.89307754305094,5.1623262572445725,3.041883687137771
1774683186524.0,343.61937957374374,4.536835688599091,3.073158215570045
1774683191524.0,307.38119271873086,3.8541356969734606,3.107293215151327
1774683201521.0,370.9285082110669,4.485048377182842,3.075747581140858
1774683206523.0,391.08206627357464,5.172062648886185,3.0413968675556906
1774683216518.0,452.4867084107929,5.148882615985971,3.0425558692007013
1774683221519.0,463.03047698443703,5.389313581587752,3.030534320920612
1774683231520.0,476.6720272813397,5.665700161254328,3.0167149919372833
1774683241521.0,465.5124680053868,5.765590540705726,3.0117204729647136
1774683246565.0,463.68612635642376,5.911068803776335,3.004446559811183
1774683251566.0,636.1921214051414,8.611972725754732,2.8694013637122633
1774683261563.0,883.0913189020423,12.191690689773296,2.690415465511335
1774683271569.0,1023.9344394529606,13.882755037676313,2.605862248116184
1774683281560.0,1048.618444168525,13.511116593796897,2.624444170310155
1774683286563.0,1115.5030993331104,15.114364328054107,2.5442817835972944
1774683296565.0,1110.433058452688,16.28350626391368,2.4858246868043157
1774683316569.0,790.3948965942368,11.0987188587595,2.7450640570620246
1774683376558.0,681.0417011808606,9.463495594766805,2.8268252202616595
1774683436572.0,579.5786161438497,7.9062358686990555,2.904688206565047
1774683496569.0,511.7557877798021,6.7673245162397375,2.9616337741880128
1774683556571.0,440.68184872362514,5.768019000358001,3.0115990499820997
1774683616567.0,390.56929797445326,4.972717262202907,3.0513641368898545
1774683630994.0,350.2080724184801,4.537670300390706,3.0731164849804644
1774683636520.0,306.8955027440636,3.607344160544969,3.1196327919727516
1774683641525.0,384.74534229182285,4.327111285763422,3.083644435711829
1774683651526.0,448.7272651258722,4.828472623406559,3.058576368829672
1774683661523.0,503.94819173417204,5.084790948767545,3.0457604525616224
1774683666524.0,497.72109495979294,5.090807994583572,3.045459600270821
1774683676521.0,502.27481433033404,6.232005362324065,2.9883997318837965
1774683681522.0,525.8847227103164,6.559239090324988,2.9720380454837505
1774683691518.0,649.0265310905318,8.215721236838387,2.8892139381580804
1774683696519.0,773.9897139719508,9.240736364502293,2.837963181774885
1774683701519.0,848.839928994491,11.405597037620293,2.729720148118985
1774683706523.0,905.9189751525576,13.070209284932846,2.6464895357533575
1774683711525.0,941.8673530355345,14.526514429911666,2.5736742785044164
1774683721522.0,982.2135332290525,16.55636250573879,2.47218187471306
1774683726523.0,1060.6114261947075,17.48602592389555,2.4256987038052222
1774683736520.0,1113.133918394027,16.299745542063917,2.485012722896804
1774683741520.0,924.4863704772295,13.477232356028585,2.6261383821985707
1774683746521.0,771.339004275591,11.347454124370152,2.7326272937814924
1774683751523.0,650.9683396258258,9.59024502728328,2.820487748635836
1774683756525.0,566.3648192113259,8.259409757085699,2.887029512145715
1774683766522.0,440.9043496151238,6.028520690309524,2.998573965484524
1774683771522.0,390.8604317338909,5.371839519120431,3.0314080240439782
1774683781520.0,326.433937867968,4.059493942418571,3.097025302879071
1774683786520.0,303.6712517662288,3.778998881684132,3.1110500559157934
1774683796523.0,415.63213261923966,4.328104788694155,3.0835947605652922
1774683801525.0,464.4358673932615,4.639948365913725,3.0680025817043135
1774683811523.0,470.17826436915635,5.2129002392229005,3.0393549880388546
1774683816523.0,457.52254671939136,5.700117194746498,3.014994140262675
1774683826521.0,497.90224346916733,6.555733958473591,2.9722133020763204
1774683836519.0,506.10599107775556,6.377779517313887,2.9811110241343055
1774683841519.0,608.4263628423366,8.617764297139386,2.8691117851430303
1774683846524.0,699.3845573499199,10.473391811860111,2.7763304094069943
1774683856519.0,861.081488328881,14.438057024964495,2.578097148751775
1774683861523.0,942.9997058277979,15.65475968514266,2.5172620157428667
1774683871522.0,1011.1696479810282,15.243031381041465,2.5378484309479266
1774683881520.0,1102.1048863505703,16.79360817721899,2.4603195911390503
1774683886520.0,1087.8189057468464,16.186573114385872,2.490671344280706
1774683896523.0,768.0967855656936,10.964021377664585,2.7517989311167703
1774683906523.0,571.9141115195763,7.832993675382131,2.9083503162308935
1774683911523.0,499.3427238189994,6.691710878996387,2.9654144560501803
1774683921520.0,382.2969715199608,5.096266877851214,3.045186656107439
1774683926520.0,348.21420801138174,4.47523120290325,3.0762384398548375
1774683936518.0,304.4761913475308,3.3982995348049068,3.1300850232597544
1774683941525.0,360.3463949537371,4.496568937370746,3.0751715531314625
1774683951524.0,411.6253735456969,5.012147275831043,3.049392636208448
1774683956524.0,423.7749386255751,5.5752780450059785,3.021236097749701
1774683966521.0,498.3775055629835,5.972999488149034,3.001350025592548
1774683971521.0,488.70271109426426,5.673479050420734,3.0163260474789633
1774683981520.0,490.75599242311694,5.3869644019662495,3.0306517799016874
1774683991521.0,622.1141907453247,8.913983561464667,2.8543008219267665
1774684001523.0,840.9809210287372,13.040295735895057,2.647985213205247
1774684011522.0,943.386275403386,13.729289741364342,2.6135355129317825
1774684021518.0,998.79829418247,14.79509460301499,2.56024526984925
1774684026519.0,1068.2342569839866,15.413390746032736,2.529330462698363
1774684031519.0,1072.8844312318204,16.26744444241887,2.486627777879056
1774684036524.0,1073.8603119560892,15.988436717510321,2.5005781641244837
1774684041524.0,903.0347650937575,13.316139353173353,2.634193032341332
1774684051522.0,656.4707185149553,9.255746896427892,2.837212655178605
1774684056523.0,557.9415286585329,7.6894828779015,2.915525856104925
1774684066521.0,441.12431514548695,5.611408425788982,3.0194295787105507
1774684076519.0,352.58563209754544,4.28704388335737,3.0856478058321315
1774684081523.0,329.08603607364665,3.933175853942511,3.1033412073028743
1774684086524.0,308.5154148887936,3.4882195972615095,3.1255890201369243
1774684096522.0,383.4121656413448,4.4594152918537215,3.0770292354073137
1774684106521.0,464.1280191266923,5.331168707579637,3.033441564621018
1774684116521.0,472.19878846986256,5.225351158131299,3.0387324420934347
1774684126518.0,533.2277142069813,5.6788667175300045,3.0160566641234996
1774684131519.0,539.4380949639594,5.43415732494103,3.0282921337529483
1774684136523.0,544.0742272435757,5.64983365690075,3.017508317154962
1774684141525.0,659.7856408039779,8.70006169045567,2.8649969154772164
1774684151523.0,871.0751821092193,12.442926390931355,2.677853680453432
1774684161520.0,998.4499197136519,13.113311069848756,2.644334446507562
1774684166521.0,1004.3093412222531,13.096770018844639,2.645161499057768
1774684176519.0,1099.6399399704662,14.79378349868172,2.5603108250659137
1774684181526.0,1083.9982756595925,14.35537690275639,2.58223115486218
1774684191518.0,944.969060340857,12.926246881416176,2.653687655929191
1774684196523.0,804.3821035336541,10.648852692837918,2.767557365358104
1774684206521.0,585.8770978799573,7.39282200497248,2.9303588997513756
1774684211521.0,514.1260236545415,6.242346717214549,2.9878826641392724
1774684221519.0,407.3174642072143,4.93311087318837,3.0533444563405814
1774684226524.0,369.44832771775305,4.462363226037626,3.0768818386981187
1774684236523.0,313.3078456573903,3.408171086855249,3.1295914456572373
1774684241523.0,375.6182382419976,4.260488098364072,3.086975595081796
1774684246523.0,429.30923329029713,4.428692492372824,3.0785653753813587
1774684251523.0,425.57639094087784,5.130308936834183,3.0434845531582906
1774684261520.0,509.8251243434946,5.382283658044738,3.030885817097763
1774684271519.0,499.371428328829,6.2673201307346025,2.9866339934632697
1774684276519.0,492.5731097859672,6.7417241130937136,2.9629137943453143
1774684281524.0,531.8271242100478,6.917757913777579,2.954112104311121
1774684286524.0,512.2487795552615,7.08169463417693,2.945915268291153
1774684291524.0,689.5311712764227,8.494594034975005,2.8752702982512495
1774684301521.0,870.2714101020428,12.625228750660689,2.6687385624669653
1774684306521.0,966.3156744876783,13.21861456145463,2.6390692719272684
1774684316520.0,1058.4903844884652,14.77603241593694,2.5611983792031525
1774684326524.0,1091.5870397951726,15.813804088261467,2.5093097955869266
1774684336524.0,1130.653490585255,17.877985713935768,2.4061007143032116
1774684346521.0,788.1227357540056,12.350296287666122,2.682485185616694
1774684351522.0,680.401400495712,10.313865338312633,2.7843067330843683
1774684361519.0,499.2841996871399,7.34001154659439,2.9329994226702802
1774684366519.0,442.3931461908384,6.104799144121773,2.994760042793911
1774684371522.0,396.5822067499332,5.09997593979474,3.045001203010263
1774684376524.0,348.323030861593,4.592157062184187,3.0703921468907907
1774684381524.0,325.8699039174127,4.19779969105727,3.090110015447136
1774684391522.0,355.81412920081755,4.605417719865001,3.06972911400675
1774684401521.0,447.38359793726397,5.400457622496517,3.029977118875174
1774684411519.0,460.69262786278193,6.01237470977211,2.999381264511394
1774684416519.0,490.37845364431314,5.658363708032556,3.017081814598372
1774684421519.0,485.60406570020314,5.856523345988419,3.007173832700579
1774684426524.0,503.4326759068836,5.657204731266418,3.017139763436679
1774684431524.0,501.56634840935095,5.620137740183932,3.0189931129908034
1774684436524.0,493.32826123295223,5.33733136613895,3.0331334316930523
1774684446521.0,803.5403127460505,8.87024885372529,2.856487557313735
1774684451521.0,850.4539188888671,10.929788341707855,2.753510582914607
1774684461519.0,991.3570156005015,11.830385916596502,2.708480704170175
1774684466519.0,1008.5814433832693,12.4032315925575,2.679838420372125
1774684471524.0,1086.71482299594,13.201562641781573,2.639921867910921
1774684476525.0,1097.0652334244137,14.267945756388741,2.5866027121805626
1774684486520.0,1105.1308026326926,15.379759522328019,2.5310120238835987
1774684491522.0,917.353603610213,12.551253249984702,2.6724373375007646
1774684501518.0,658.5790201745056,8.684256973822183,2.865787151308891
1774684506520.0,558.0123136473167,7.530298266603555,2.923485086669822
1774684511520.0,480.38223992200875,6.4873679212443305,2.9756316039377833
1774684516526.0,426.60658643374455,5.517158806600317,3.024142059669984
1774684526523.0,340.09959928357694,4.127110544206536,3.093644472789673
1774684536521.0,291.3154797240276,3.266756019960274,3.1366621990019863
1774684541521.0,350.89194651300056,4.068487955482283,3.0965756022258857
1774684546521.0,388.5555980059143,4.844642739720783,3.057767863013961
1774684556518.0,414.6290266149551,5.576979804119709,3.021151009794014
1774684561518.0,436.14867667595763,5.54128906668786,3.022935546665607
1774684566524.0,466.1065875286908,5.603363918144835,3.019831804092758
1774684571524.0,459.6346832496605,5.414227605215888,3.0292886197392055
1774684576524.0,502.137759638631,5.424328718770872,3.028783564061456
1774684586521.0,525.352042326493,5.643645563689393,3.01781772181553
1774684591521.0,636.0757325389429,8.343929647269414,2.882803517636529
1774684596521.0,746.8350196748798,9.433150772436221,2.8283424613781887
1774684606520.0,976.9189368099668,11.90936554660674,2.704531722669663
1774684616524.0,1055.9988033395784,13.459234971389442,2.6270382514305277
1774684626522.0,1105.561130324063,13.295869357513379,2.635206532124331
1774684631522.0,1108.4805649549105,13.856867410150649,2.6071566294924673
1774684636522.0,1121.245098397407,14.318384285181008,2.5840807857409493
1774684641522.0,936.3114656622128,11.756025157799925,2.7121987421100036
1774684651520.0,685.5130853834804,8.427571880996894,2.878621405950155
1774684661526.0,504.5817354809079,6.0935659444302255,2.9953217027784884
1774684671523.0,388.5769919691327,4.646211748817046,3.0676894125591474
1774684681521.0,327.1339051205141,3.6698235616513672,3.1165088219174315
1774684686521.0,309.28413130601416,3.3336471929932636,3.1333176403503367
1774684696519.0,403.5404041013236,3.7703279948666166,3.111483600256669
1774684701519.0,405.83980535200465,4.424472631527363,3.0787763684236316
1774684706525.0,447.8568763493087,5.208035928644998,3.03959820356775
1774684716523.0,467.5549912064173,5.494473956644676,3.025276302167766
1774684726522.0,499.0432819987248,5.494974759875349,3.025251262006232
1774684736521.0,484.26859575472554,5.4376281654626215,3.028118591726869
1774684746519.0,761.9365112656825,10.253965866951974,2.787301706652401
1774684751519.0,812.2004240582681,11.211313683775591,2.73943431581122
1774684756522.0,870.6409720002183,13.015276671150382,2.649236166442481
1774684761525.0,914.1401274125127,13.384156064449591,2.63079219677752
1774684771522.0,1037.2156821897488,13.051523690727237,2.647423815463638
1774684776522.0,1047.6229948108003,13.106411692320961,2.6446794153839517
1774684786521.0,1116.0093452620217,13.76429109993905,2.611785445003047
1774684796519.0,773.4712550862861,9.61938772913832,2.8190306135430836
1774684801519.0,651.6163774067219,8.257472007406884,2.8871263996296554
1774684806525.0,569.5482739359612,6.850538321765487,2.9574730839117254
1774684816524.0,434.8489324623601,4.981254063093996,3.0509372968453
1774684826521.0,336.97962469916615,3.659997476205134,3.117000126189743
1774684836528.0,278.25889283537964,3.232061597505457,3.138396920124727
1774684846526.0,378.4708229623194,3.974189638731625,3.1012905180634185
1774684851526.0,438.9410014195744,4.614099110855541,3.0692950444572227
1774684861522.0,511.0733604434025,5.488021271908561,3.0255989364045717
1774684866567.0,493.63056325462827,6.028617156500255,2.998569142174987
1774684876520.0,542.4196489188671,5.944716423485141,3.0027641788257426
1774684881523.0,561.5548008709522,5.826714059186558,3.008664297040672
1774684886525.0,530.6019661448549,5.5165216458473765,3.024173917707631
1774684896523.0,799.6855959613231,10.36493285003494,2.781753357498253
1774684906521.0,918.1749695980272,11.60209141865107,2.719895429067446
1774684911525.0,1010.75534620189,12.859564471339144,2.6570217764330426
1774684921522.0,1075.8371671448792,14.677398372700502,2.5661300813649746
1774684926522.0,1099.1570922663484,14.384534553799613,2.580773272310019
1774684936520.0,1120.3543077017705,14.903709531142672,2.5548145234428663
1774684946518.0,781.7040721690317,10.102076401210773,2.794896179939461
1774684951524.0,655.6804583644284,8.323281259385436,2.883835937030728
1774684956524.0,565.9984505473112,7.144542830568264,2.9427728584715864
1774684966521.0,435.71161029232417,5.1936419295352225,3.040317903523239
1774684971521.0,385.88264446308676,4.389400648178853,3.0805299675910573
1774684976521.0,345.84990397678644,3.7587362823286306,3.112063185883568
1774684986519.0,278.6252956542125,3.0923760980826036,3.1453811950958697
1774684991519.0,360.01115169468494,3.7478983692253633,3.1126050815387316
1774684996525.0,408.10281702817485,4.053326759734017,3.097333662013299
1774685001525.0,454.4113212572449,4.251056491625955,3.087447175418702
1774685011522.0,496.6921267506644,5.687168225439473,3.0156415887280263
1774685016522.0,490.25838203604377,6.329779047409801,2.9835110476295097
1774685021522.0,522.1319419127227,6.07053406791785,2.9964732966041074
1774685031519.0,525.1704752097195,6.512552361160778,2.974372381941961
1774685036520.0,508.83356947195495,6.13036910409801,2.9934815447950993
1774685041520.0,667.8792911370401,7.40860915946186,2.929569542026907
1774685046525.0,791.3768387361952,10.028924945731038,2.798553752713448
1774685056523.0,950.2083098370932,11.618285010124934,2.719085749493753
1774685066521.0,1028.3878863704958,14.359284746945136,2.582035762652743
1774685071521.0,1037.1473368165373,14.551179898055302,2.5724410050972346
1774685081519.0,1082.9582151063041,14.912022106803379,2.5543988946598306
1774685086519.0,1101.8994173296658,16.009531206310832,2.499523439684458
1774685091525.0,927.0854236585174,13.3760421307465,2.6311978934626747
1774685101523.0,664.6517882985592,9.458574512917501,2.827071274354125
1774685111521.0,502.27006504333315,6.605285220509058,2.969735738974547
1774685116522.0,445.76689897606354,5.688478480790305,3.0155760759604844
1774685126519.0,359.55291389437934,4.3428586353363725,3.082857068233181
1774685136525.0,306.845065683332,3.69539899343535,3.115230050328232
1774685141525.0,348.09153550077747,3.8324875315469766,3.108375623422651
1774685151520.0,434.0551837031574,5.1955775593705,3.040221122031475
1774685156522.0,477.4090142119389,5.619480204573798,3.01902598977131
1774685166520.0,493.61311512653356,6.4345939795062534,2.978270301024687
1774685176518.0,539.8109144167641,6.544099487673348,2.9727950256163322
1774685181519.0,513.0160713283017,6.137071659360371,2.9931464170319813
1774685186525.0,497.478018819373,5.817741190134677,3.009112940493266
1774685191525.0,608.8906579058133,7.896679666200937,2.905166016689953
1774685201522.0,821.6056096857354,12.135618453287346,2.6932190773356326
1774685206523.0,867.6407692460199,13.068389596095761,2.6465805201952115
1774685216520.0,923.0940858047522,13.995681639512405,2.6002159180243796
1774685221520.0,945.1163110348979,14.701266897303324,2.564936655134834
1774685226520.0,998.0929806757329,15.186646496994882,2.5406676751502557
1774685236520.0,1062.6690034161031,15.413446260002734,2.529327686999863
1774685241520.0,892.4814745806705,12.65042958304494,2.667478520847753
1774685246521.0,752.0754558518287,10.67060441532131,2.766469779233934
1774685251523.0,633.3003951567895,8.74446431102034,2.862776784448983
1774685256523.0,554.4545758393645,7.371409749096934,2.931429512545153
1774685266520.0,422.1531645733727,5.357870214268062,3.0321064892865968
1774685276518.0,350.91768749259893,4.119522161180722,3.0940238919409637
1774685281525.0,327.15743817286994,3.825319999960343,3.1087340000019825
1774685291524.0,341.6452103206749,3.6863340625673797,3.115683296871631
1774685296524.0,404.2594535940545,4.324529258844506,3.0837735370577746
1774685306521.0,461.65588125612004,4.606444648693882,3.0696777675653055
1774685311522.0,489.6211606524785,5.427914342116969,3.0286042828941513
1774685316522.0,480.5672521293964,5.771787064569363,3.0114106467715316
1774685326520.0,514.7145744695164,6.123003061649216,2.9938498469175387
1774685331523.0,504.3260357763294,5.798783513279499,3.010060824336025
1774685336525.0,508.8771589591036,5.747386908404396,3.01263065457978
1774685346523.0,763.0192062543068,10.539525383900518,2.773023730804974
1774685356521.0,887.1241478742033,13.509938997833391,2.62450305010833
1774685361522.0,949.773524204739,13.717349451088335,2.614132527445583
1774685371520.0,1008.0654159144489,13.98029768246801,2.6009851158765995
1774685376526.0,1013.0939658101673,14.304864097872246,2.5847567951063875
1774685386523.0,1063.133864934569,16.389375988018003,2.4805312005990996
1774685391523.0,896.9014730928617,13.385081391439453,2.630745930428027
1774685396523.0,761.2963043380315,11.305638465323906,2.7347180767338046
1774685406520.0,556.0732703886716,7.957654387377123,2.9021172806311437
1774685411520.0,488.6299598586515,6.939996320079488,2.9530001839960254
1774685416520.0,435.82188633454814,5.991827462479958,3.000408626876002
1774685426519.0,352.9752645502559,4.767207394372847,3.0616396302813573
1774685431524.0,321.62822534426397,4.31238917926816,3.084380541036592
1774685436524.0,294.9858667248053,3.9886096453579163,3.100569517732104
1774685446522.0,398.4173116208318,4.254016932605607,3.0872991533697194
1774685451522.0,406.87926510312116,4.29952153440815,3.0850239232795924
1774685461518.0,488.14805396237176,4.859246576940829,3.0570376711529583
1774685466521.0,517.0526221099241,5.481112320732975,3.025944383963351
1774685476524.0,544.9656641568849,6.302464582268914,2.984876770886554
1774685486523.0,552.0241700348578,6.557342970877699,2.9721328514561147
1774685496522.0,745.4230664925688,9.807076413493805,2.8096461793253096
1774685506520.0,885.5187402852662,11.590603205015201,2.7204698397492395
1774685511520.0,965.5775520945706,11.79399920576317,2.710300039711841
1774685521525.0,1045.48423338285,13.223823141040342,2.6388088429479826
1774685531517.0,1100.6972968677533,13.095355955082145,2.6452322022458925
1774685536524.0,1096.5827548368406,13.196685218088932,2.6401657390955533
1774685546521.0,769.7856832828508,8.971174956882898,2.8514412521558548
1774685551521.0,665.7720398787153,7.6803611712084185,2.915981941439579
1774685556521.0,581.1223955018257,6.449430724408251,2.977528463779587
1774685566519.0,446.10191744812164,4.911330558959411,3.0544334720520294
1774685571525.0,387.0354243615343,4.495681435682193,3.07521592821589
1774685581520.0,316.9153888849572,3.601934088147526,3.1199032955926236
1774685586522.0,293.54381882069055,3.158431142002078,3.142078442899896
1774685591522.0,367.5019988400715,4.073670528236581,3.0963164735881707
1774685596522.0,400.988834038969,4.196835425748522,3.090158228712574
1774685606520.0,445.58104209902694,5.127273815156724,3.0436363092421637
1774685616522.0,460.8493001423837,5.246518172522176,3.037674091373891
1774685621524.0,459.76534563397496,5.421532202609402,3.02892338986953
1774685626524.0,504.349102673069,5.395915910970448,3.0302042044514774
1774685636522.0,506.75580297009594,5.168397263115514,3.041580136844224
1774685646520.0,767.0838989605388,10.058147896679396,2.79709260516603
1774685651521.0,849.7118934297616,12.439599448435713,2.678020027578214
1774685661519.0,929.1471085900414,12.91856811234167,2.6540715943829163
1774685666524.0,1019.6752804743121,12.754052209340244,2.662297389532988
1774685676525.0,1091.0864758323494,14.161556200023208,2.591922189998839
1774846746079.0,428.1957174864455,5.10268620017226,3.044865689991387
1774846754113.0,193.33908087249486,1.2895057771208134,3.235524711143959
1774846755828.0,259.49139,2.0,3.29919
1774846772795.0,259.49139,2.0,3.29919
1774846778215.0,254.95017850130768,1.8754835950156925,3.206225820249215
1774846783217.0,242.4015103063736,1.8909006898689584,3.205454965506552
1774846788219.0,240.24887239775668,2.0198641407261806,3.199006792963691
1774846793219.0,232.65404680492796,2.0889533522147614,3.1955523323892616
1774846803217.0,227.13566438416365,2.1204254865653693,3.193978725671731
1774846808217.0,215.62727005592828,2.2781997765941213,3.1860900111702937
1774846813219.0,220.5473341147516,2.303424643564146,3.1848287678217924
1774846823217.0,272.8672291831107,2.9941709004043116,3.1502914549797842
1774846828223.0,328.6321326222441,4.1947787014011935,3.09026106492994
1774846838220.0,426.4462386320648,4.914496838452029,3.0542751580773984
1774846848216.0,483.62892930222375,5.07377257039448,3.0463113714802756
1774846853217.0,489.6266661676398,5.796693928332791,3.0101653035833604
1774846858219.0,471.8336887302307,5.787105388114435,3.010644730594278
1774846868214.0,526.7737377324153,5.798668402590266,3.0100665798704864
1774846873214.0,624.3083812103426,7.5576459701627465,2.9221177014918625
1774846882684.0,763.7980435153798,2.0,3.29919
1774846985524.0,259.49139,2.0,3.29919
1775020451992.0,259.49139,2.0,3.29919
1775020520664.0,259.49139,2.0,3.29919
1775020669039.0,255.2036039531921,2.1994585404340907,3.190027072978295
1775020674039.0,242.81508312106675,2.2399792552818902,3.1880010372359053
1775020684043.0,240.23382410601752,2.33477968073505,3.1832610159632475
1775020694099.0,233.55564716462018,1.9566157406868219,3.202169212965659
1775020699104.0,225.62081766994476,1.9560206407638256,3.2021989679618086
1775020709100.0,207.1236535374637,2.1225349956763315,3.1938732502161833
1775020714141.0,263.95853358108815,3.285108277914799,3.13574458610426
1775020724096.0,381.459705185544,4.055637960852839,3.097218101957358
1775020729099.0,394.9663388384813,4.438398733461415,3.078080063326929
1775020734105.0,411.14917445726877,5.22581274319387,3.038709362840306
1775020744103.0,438.5419400203149,6.191968630448433,2.990401568477578
1775020749105.0,447.6374716612889,5.76596170787722,3.011701914606139
1776008173842.0,206.11140643838112,1.1449592983174919,3.2427520350841252
1776008184116.0,195.06665402704033,1.4198516601913487,3.2290074169904326
1776008194110.0,184.96686027984398,1.7910420721373945,3.21044789639313
1776008204118.0,187.83935347979715,1.7148314243541865,3.2142584287822906
1776008214113.0,191.07677543216687,1.8752600103914152,3.206236999480429
1776008219135.0,281.4060229891871,2.51948324270241,3.174025837864879
1776008229111.0,360.075021666349,4.161550404762328,3.0919224797618834
1776008238815.0,398.6097046750953,5.2813458314442165,3.035932708427789
1776008243815.0,421.2822139517192,5.7039315781394455,3.0148034210930277
1776008249117.0,470.7164966118801,6.312566254859129,2.9843716872570436
1776008254149.0,475.66321976149095,6.127943308630127,2.9936028345684935
1776008264110.0,508.6234537227329,6.987337189600268,2.9506331405199866
1776008269115.0,646.6126416963098,9.511147600034086,2.8244426199982957
1776008278829.0,793.4803190978195,13.016980069600098,2.649150996519995
1776008284115.0,865.844609576344,13.357440842513636,2.632127957874318
1776008289117.0,893.0334909462221,13.45215110510099,2.62739244474495
1776008294125.0,992.4229774298286,15.004935782596444,2.5497532108701777
1776008304105.0,1038.0060713822195,16.10741959705847,2.494629020147076
1776008309111.0,1052.874010953303,15.639226012895547,2.5180386993552224
1776008314117.0,1112.0033024239183,15.685707985340795,2.5157146007329603
1776008324114.0,789.2954051968873,10.558989435205842,2.7720505282397077
1776008334116.0,575.9584447994692,7.456374782391969,2.9271812608804013
1776008365757.0,439.3398261009768,5.658258387848137,3.017087080607593
1776008425111.0,392.534800064901,5.126019807370275,3.043699009631486
1776008485112.0,348.8860921298181,4.614352401286699,3.069282379935665
1776008558672.0,306.9960665811125,3.707938353638825,3.1146030823180584
1776008574517.0,1246.3856453940132,10.00603727962714,2.799698136018643
1776008584508.0,879.2413886733417,7.0775674940871065,2.9461216252956444
1776008589508.0,747.823130513171,6.059541644191593,2.99702291779042
1776008595120.0,635.1018744785074,5.062833420763774,3.046858328961811
1776008605119.0,468.6303879691844,4.026679934154574,3.098666003292271
1776008615107.0,381.94783362240616,3.1439040981041715,3.1428047950947913
1776008620107.0,426.50403308588795,4.111994089356545,3.0944002955321723
1776008625116.0,429.41064373728307,4.574230433150604,3.0712884783424697
1776008635120.0,486.494484382152,5.4228755557324035,3.0288562222133795
1776008645117.0,493.53832286954855,5.955137790837737,3.002243110458113
1776008655115.0,525.5488607776247,6.722765138240422,2.963861743087979
1776008660118.0,554.8558734051439,6.33556050150517,2.9832219749247413
1776008725109.0,666.6112274434263,8.88637603470811,2.855681198264594
1776008785114.0,806.7104232928494,10.894232982220382,2.7552883508889807
1776008811020.0,867.9845866908521,12.230317962555638,2.688484101872218
1776008890450.0,1230.3662859900298,9.908633796923569,2.8045683101538215
1776008900443.0,864.3290316995535,7.084770790812993,2.9457614604593503
1776008905447.0,731.6261700976023,6.20544534667045,2.989727732666477
1776008910448.0,622.564652960603,5.523021827832569,3.0238489086083713
1776008920446.0,461.91411343115493,4.23335544350262,3.0883322278248686
1776008930443.0,379.68815831903686,3.581192472988273,3.1209403763505863
1776008935444.0,401.9165158503124,3.832681820906562,3.1083659089546716
1776008945441.0,493.03627058722867,4.659747610843801,3.0670126194578096
1776008950450.0,489.6201888598306,5.096285321673236,3.045185733916338
1776008960441.0,491.2509862408012,5.625947656353126,3.0187026171823437
1776008965445.0,532.0062955516303,6.079036414393101,2.996048179280345
1776008970446.0,555.5905479060411,6.2053128060001965,2.98973435969999
1776008980442.0,574.516104089596,6.607337875696537,2.969633106215173
1776008985443.0,694.6442160004889,8.884308887492237,2.855784555625388
1776008995441.0,925.0706225387836,12.752434789748879,2.662378260512556
1776009000447.0,970.2205950342333,13.568961465884382,2.6215519267057807
1776009010446.0,1047.6958419262041,14.213236557475774,2.589338172126211
1776009020444.0,1100.5674095653976,14.546736799652262,2.572663160017387
1776009030444.0,1126.7641377629425,16.30388460138137,2.484805769930931
1776009040442.0,798.1553029132458,11.089705893933218,2.745514705303339
1776009050446.0,579.7120928752281,7.83677169095537,2.9081614154522315
1776009055446.0,498.41966459645886,6.5803277247748735,2.970983613761256
1776009060447.0,448.51342436679283,5.561784413201043,3.021910779339948
1776009070444.0,362.98952770387086,4.391546424827166,3.0804226787586417
1776009080442.0,293.64454953796724,3.4694596750707354,3.126527016246463
1776009085442.0,353.6804883503307,3.7985992784307157,3.110070036078464
1776009095448.0,444.6081529153035,5.3473518388270955,3.032632408058645
1776009105446.0,443.44715725401824,5.847230110426072,3.0076384944786962
1776009110446.0,453.99526593507755,6.31383233277181,2.9843083833614092
1776009120442.0,494.8033837436708,6.509052953886244,2.9745473523056876
1776009125442.0,533.8933015632089,6.487019000687817,2.975649049965609
1776009135442.0,690.2576702677054,8.145856859905392,2.8927071570047302
1776009145442.0,859.8356502617861,11.362949721056708,2.7318525139471643
1776009150442.0,905.0295053644691,13.125060068046029,2.6437469965976983
1776009160440.0,980.7446088262615,14.750315935290134,2.562484203235493
1776009165446.0,1045.7110260535458,15.874798874417765,2.5062600562791113
1776009175442.0,1125.072604241556,15.917798235476365,2.5041100882261818
1776009180442.0,1127.6174247773772,16.721500479304318,2.463924976034784
1776009185443.0,941.4121628595492,13.933683400360954,2.603315829981952
1776009190446.0,792.3597621712211,11.633531366248484,2.7183234316875757
1776009195447.0,679.1154243891962,9.705849749811973,2.814707512509401
